DEV-MUC3-0004|BUSTILLO|BUSTILLO IS THE SOLE WAY THE ARMED FORCES CAN SURVIVE.  
DEV-MUC3-0004|BUSTILLO|BUSTILLO IS BUSH'S SCAPEGOAT.  
DEV-MUC3-0008|CASTELLAR|CASTELLAR IS THE SECOND MAYOR THAT HAS BEEN MURDERED IN COLOMBIA IN THE LAST 3 DAYS.     
DEV-MUC3-0009|NATIONAL ARMY|NATIONAL ARMY WAS INVOLVED IN NEW CLASHES WITHIN THE PAST FEW HOURS WITH FARC
DEV-MUC3-0010|TROOPS THAT SURROUNDED|TROOPS THAT SURROUNDED WERE WITHDRAWN AFTER A FORMER MINISTER SURNAMED CORDOVA LEFT THE EMBASSY
DEV-MUC3-1001|WHICH|WHICH HAS BEEN SURROUNDED AND ALL FLIGHTS HAVE BEEN RESTRICTED.     
DEV-MUC3-1001|WHICH|WHICH COULD BE THE MOST IMPORTANT OF THE DECADE ON THE SUBJECT OF PUBLIC ORDER AND
DEV-MUC3-1003|CHILEAN TERRORISTS|CHILEAN TERRORISTS MIGHT BE INVOLVED IN THE KIDNAPPING OF IMPORTANT BRAZILIAN BUSINESSMAN.  
DEV-MUC3-1003|ABILIO DINIZ|ABILIO DINIZ IS IN THE HANDS OF A GROUP PRESUMED
DEV-MUC3-1004|UNITED STATES|UNITED STATES WAS NOT PLEASED WITH THE RESULTS OF THE PRESIDENTIAL
DEV-MUC3-1004|UNITED STATES|UNITED STATES IS INTERESTED IN KEEPING THE COUNTERREVOLUTION ALIVE TO APPLY PRESSURE TO THE NICARAGUAN ELECTORAL PROCESS
DEV-MUC3-0101|CRISTIANI SAID|CRISTIANI SAID IS THAT THERE WAS AN OPPORTUNITY TO HOLD BILATERAL TALKS WITH SOUTH AMERICAN PRESIDENTS.     
DEV-MUC3-1010|PEOPLE|PEOPLE HAVE BEEN ABLE TO SEE -- AND INTERNATIONAL PUBLIC OPINION HAS ALSO BEEN ABLE TO VERIFY
DEV-MUC3-1011|WHICH|WHICH IS LINKED TO THE CHRISTIAN DEMOCRATIC PARTY
DEV-MUC3-1018|LATIN AMERICAN|LATIN AMERICAN IS OFFENDED AND ATTACKED
DEV-MUC3-1027|WAR|WAR SHOULD BE AVOIDED AND THAT GUATEMALA MUST PREVENT DISASTER FROM REACHING THE COUNTRY AS HAS HAPPENED IN OTHER NATIONS
DEV-MUC3-1028|NEARBY TOCUMEN AIR BASE|NEARBY TOCUMEN AIR BASE WAS THE BATTLEGROUND FOR HARSH CLASHES BETWEEN U.S. AND PANAMANIAN TROOPS AND IT WAS BOMBED BY THE UNITED STATES.     
DEV-MUC3-1029|CUBAN GOVERNMENT|CUBAN GOVERNMENT IS THE ONLY ONE IN THE WORLD
DEV-MUC3-1030|UNITED STATES|UNITED STATES IS THE ROME OF THE MODERN WORLD -- FOR THE CAPACITY OF ITS ATOMIC LEGIONS
DEV-MUC3-1030|UNITED STATES|UNITED STATES MUST BE RESPECTED.  
DEV-MUC3-1030|WHAT|WHAT IS INTRINSICALLY GOOD
DEV-MUC3-1033|MURDERED PRIESTS|MURDERED PRIESTS WERE NOT SYMPATHIZERS OF THE MARXIST GUERRILLAS.  
DEV-MUC3-1033|WHICH|WHICH IS CONTRARY TO CHRISTIAN DOCTRINE
DEV-MUC3-1033|WHICH|WHICH WERE REPEATED IN OTHER MEDIA BEFORE THE MURDER OF THE PRIESTS
DEV-MUC3-1033|PRIESTS|"PRIESTS WERE MARXIST GUERRILLA SYMPATHIZERS"" AND"
DEV-MUC3-1033|PRIESTS|PRIESTS WERE NOT SYMPATHIZERS OF THE MARXIST GUERRILLAS.  
DEV-MUC3-1035|FRANCISCA COLOMER MISQUITA|FRANCISCA COLOMER MISQUITA WERE SERIOUSLY WOUNDED.  
DEV-MUC3-1036|DRUG TRADE|DRUG TRADE IS HIGHLY SUSPICIOUS TAKING INTO ACCOUNT
DEV-MUC3-1038|LATIN AMERICANISM|LATIN AMERICANISM IS ON ITS WAY FORWARD.  
DEV-MUC3-1038|WHICH|WHICH IS ESSENTIALLY FOR SELF - DETERMINATION AND DEMOCRACY
DEV-MUC3-0104|WHICH|WHICH IS TO PLAN
DEV-MUC3-1041|FIRST THING|FIRST THING IS WHO IS INVOLVED AND SECONDLY WHETHER THEY ARE
DEV-MUC3-1045|GUERRILLA ACTION|GUERRILLA ACTION SHOULD BE UP-DATED
DEV-MUC3-1049|WHICH|WHICH WAS THE FIRST TO BE MADE BY AN OFFICIAL SOURCE
DEV-MUC3-1051|PERUVIAN EMBASSY|PERUVIAN EMBASSY IS ASSURED OF ALL THE DIPLOMATIC GUARANTEES
DEV-MUC3-1058|WHICH|WHICH IS A RESPONSE TO A STATEMENT [WORDS INDISTINCT
DEV-MUC3-1059|ENRIQUE SILVA CIMMA|ENRIQUE SILVA CIMMA IS VICE PRESIDENT AND FUTURE CHILEAN FOREIGN MINISTER
DEV-MUC3-1060|WHO|WHO HAS BEEN AT LARGE SINCE DECEMBER
DEV-MUC3-1064|HEAVY BOMBING|HEAVY BOMBING WAS HEARD LAST NIGHT
DEV-MUC3-1064|HOME|HOME WAS MACHINEGUNNED FROM A PASSING VEHICLE.     
DEV-MUC3-1069|NICARAGUA|NICARAGUA IS A SANCTUARY FOR A SUBVERSIVE GROUP KNOWN AS THE CINCHONEROS OF HONDURAS
DEV-MUC3-1069|NICARAGUA|NICARAGUA IS A SANCTUARY FOR A HONDURAN GUERRILLA GROUP
DEV-MUC3-1070|UNITED NATIONS|UNITED NATIONS IS TOTALLY ABSURD
DEV-MUC3-1072|FMLN|FMLN IS SOMEHOW EXPRESSING THE DESIRE
DEV-MUC3-1073|U.S. AID|U.S. AID IS NOT ONLY A MATTER OF MILITARY ASSISTANCE PROVIDED TO THE SALVADORAN ARMY
DEV-MUC3-1074|PERSECUTION HAD|PERSECUTION HAD BEEN LAUNCHED IN OUR COUNTRY
DEV-MUC3-1077|EXTRADITABLES|EXTRADITABLES HAVE BEEN THE VICTIMS OF UNSCRUPULOUS PEOPLE WHO CALLED THE MEDELLIN MEDIA
DEV-MUC3-1078|CASOLO|CASOLO WAS ARRAIGNED 8 DAYS
DEV-MUC3-1078|CASOLO|CASOLO WAS CAPTURED AFTER THE TERRORIST FAUSTO GALLARDO
DEV-MUC3-1078|CASOLO|CASOLO WAS UNDER ARREST
DEV-MUC3-1078|WHO|WHO WERE PRESENT IN THE COURSE OF THE PROCEEDINGS
DEV-MUC3-0108|WHOSE BASIC ELEMENT|WHOSE BASIC ELEMENT IS THE UPRISING OF THE MASSES
DEV-MUC3-1080|GOVERNMENT|"GOVERNMENT IS NOT INTERESTED IN ELIMINATING ANYONE.""     "
DEV-MUC3-1082|PRESIDENT|PRESIDENT WILL BE THERE.  
DEV-MUC3-1082|COUNTRY|COUNTRY IS TOTALLY WILLING
DEV-MUC3-1085|COL HERIBERTO HERNANDEZ|COL HERIBERTO HERNANDEZ HAS BEEN DIRECTOR OF THE TREASURY POLICE
DEV-MUC3-1087|HONDURAS|HONDURAS IS A TYPICAL EXAMPLE OF THIS POLICY FOR THE WORLD TO SEE
DEV-MUC3-1087|HONDURAS|HONDURAS WAS REGARDED AS A COUNTRY
DEV-MUC3-1087|HONDURAS|HONDURAS IS NO LONGER
DEV-MUC3-1087|HONDURAS|HONDURAS IS FORCED TO SAY
DEV-MUC3-1087|UNITED STATES|UNITED STATES IS NOT ONLY
DEV-MUC3-1087|UNITED STATES|UNITED STATES IS THE IMF'S MOST IMPORTANT MEMBER AND SUPPORTER
DEV-MUC3-1087|WHICH|WHICH WERE DEEPLY INDEBTED
DEV-MUC3-1087|AID|AID WAS GRANTED TO HONDURAS IN EXCHANGE
DEV-MUC3-1088|MAYOR PEDRO JESUS HERNANDEZ|MAYOR PEDRO JESUS HERNANDEZ WAS MURDERED WHILE INAUGURATING A DINING HALL FOR CHILDREN
DEV-MUC3-1088|ASSAF|ASSAF IS  IN VIEW OF THE FACT THAT A MONTH AGO
DEV-MUC3-1095|PRESIDENT|PRESIDENT HAS BEEN A TERRORIST ATTACK IN THE CAPITAL
DEV-MUC3-0110|PRESIDENT BUSH|PRESIDENT BUSH IS A POLITICIAN WITH WIDE EXPERIENCE
DEV-MUC3-1102|GROUP|GROUP IS DIVIDED BY DIFFERENCES BETWEEN ITS LEADERS
DEV-MUC3-1103|WHICH|WHICH IS BEING BLAMED ON THE AIR FORCE
DEV-MUC3-1103|WHICH|WHICH IS WHY IT COULD NOT HAVE BOMBED
DEV-MUC3-1103|WHICH|WHICH IS WHERE THEY HAD COME FROM.     
DEV-MUC3-1104|HIS KIDNAPPING|HIS KIDNAPPING WAS A WAY FOR HIS CAPTORS TO PROTEST PRESIDENT GEORGE BUSH'S VISIT TO COLOMBIA
DEV-MUC3-1105|JAMES ARTHUR DONNELLY|JAMES ARTHUR DONNELLY WAS RELEASED UNHARMED BY THE SUBVERSIVES AT
DEV-MUC3-1108|THAT|"THAT IS STILL ""TO CAPTURE THE DRUG TRAFFICKERS AND TURN THEM"
DEV-MUC3-1108|THAT|THAT IS NOTHING TO INDICATE
DEV-MUC3-1108|THAT|THAT IS A POSSIBILITY OF HOLDING A DIALOGUE OR REACHING AN AGREEMENT WITH THE NARCO-TERRORISTS.     
DEV-MUC3-1110|U.S. PRIEST FRANCISCO AMICO|U.S. PRIEST FRANCISCO AMICO WAS KIDNAPPED TODAY IN THE CITY OF CALI
DEV-MUC3-1112|DRUG TRAFFICKING|DRUG TRAFFICKING WERE A MATTER OF SECONDARY IMPORTANCE AS LONG AS HE PROVIDED INFORMATION AND SUPPORT FOR THEIR WAR AGAINST NICARAGUA.  
DEV-MUC3-1112|GOVERNMENT|GOVERNMENT SHOULD BE CONSISTENT AT LEAST WITH THIS PRINCIPLE.     
DEV-MUC3-1112|THAT|THAT IS FUNDAMENTAL TO THE FUTURE OF BOLIVIANS.  
DEV-MUC3-1112|THAT|"THAT IS A ""BILATERAL ISSUE AND CONSEQUENTLY"
DEV-MUC3-1112|THAT|"THAT WILL BE MENTIONED AT THE CARTAGENA SUMMIT.""  "
DEV-MUC3-1112|THAT|THAT IS THE U.S. GOVERNMENT'S DOUBLE-FACED MORALITY.     
DEV-MUC3-1112|THAT|THAT IS A WHITE CONSPIRACY
DEV-MUC3-1112|THAT|THAT IS TO TURN TOWARD LATIN AMERICA TO RELIEVE THE FURY OF HIS IMPOTENCE ORDERING WARSHIPS AND PLANES
DEV-MUC3-1112|THAT|THAT HAS BEEN DEPLOYED OVER THE CARTAGENA SUMMIT
DEV-MUC3-1114|WHAT|WHAT IS YOUR OPINION OF THE SUMMIT?  
DEV-MUC3-1114|WHAT|WHAT IS NEXT?  
DEV-MUC3-1124|FARC|FARC WERE TO TAKE PART IN A COHERENT PEACE PROCESS
DEV-MUC3-1124|WHICH|WHICH WAS PART OF THE SIMON BOLIVAR GUERRILLA COORDINATING BOARD
DEV-MUC3-1125|THAT|THAT BEING FARMED MECHANICALLY IN PERU HAS DOUBLED
DEV-MUC3-1125|THAT|THAT HAS BEEN INVESTED IN EQUIPMENT OPERATING IN PERU TODAY
DEV-MUC3-1125|THAT|THAT CAN BE POOR AND ECONOMICALLY WEAK
DEV-MUC3-1126|GUERRILLAS CANNOT|"GUERRILLAS CANNOT CANNOT BE IGNORED.""     "
DEV-MUC3-1129|FERRIMAR|FERRIMAR WERE ABLE TO SELL CLUSTER BOMBS TO IRAN.     
DEV-MUC3-1136|HELICOPTER|HELICOPTER IS IDEAL FOR EXPORT TO TRADITIONAL CHILEAN MARKETS SINCE SUBSTANTIAL PRODUCTION IS EASY TO ACHIEVE.     
DEV-MUC3-0114|HOUSE|HOUSE WAS RENTED IN 1987 BY LUIS EMILIO ESPINA
DEV-MUC3-0114|HOUSE|HOUSE IS ON THE PERU FARM WHICH ADJOINS THE CHIGUACHI ESTATE
DEV-MUC3-1144|OUR POSITION|OUR POSITION HAS BEEN FITTING AND CONSISTENT AND THAT WE MAINTAIN THE POSITION WE EXPRESSED TO HIM AT PRESENT
DEV-MUC3-1144|OUR POSITION|OUR POSITION IS BASED ON PRINCIPLES ON THE PRINCIPLE
DEV-MUC3-1145|MRS CHAMORRO|MRS CHAMORRO IS IN CONTROL
DEV-MUC3-1145|THAT|THAT IS LEGITIMATELY ELECTED BY THE PEOPLE.  
DEV-MUC3-1145|THAT|THAT WILL BE A STOP IN AID
DEV-MUC3-1145|THAT|THAT WILL BE A STOP IN AID
DEV-MUC3-1145|THAT|THAT WAS SOME PRESSURE
DEV-MUC3-1145|THAT|THAT WAS TIME FOR SOME OF THE PEOPLE IN THE TANDONA TO STEP DOWN
DEV-MUC3-1145|THAT|THAT SHOULD BE WHAT DETERMINES WHETHER YOU CONTINUE OR
DEV-MUC3-1145|THAT|THAT SHOULD BE THE DETERMINING FACTOR.     
DEV-MUC3-1145|THAT|THAT IS WHAT HAS TO STOP.  
DEV-MUC3-1145|THAT|THAT IS THE ACTIVITY THAT HURTS THE CIVILIAN POPULATION.  
DEV-MUC3-1145|THAT|THAT IS NOT MILITARY ACTIVITY.  
DEV-MUC3-1145|THAT|THAT IS SOMETHING GEARED
DEV-MUC3-1145|THAT|THAT CAN BE SUMMED UP IN WHAT IS CALLED TERRORISM
DEV-MUC3-1145|COUNTRY|COUNTRY IS NOT FROM THE POSITION OF BEING PRESIDENT OF THE COUNTRY.  
DEV-MUC3-1149|PEOPLE|PEOPLE WERE PRESENT AND
DEV-MUC3-1149|US|US IS A REPORT
DEV-MUC3-1150|EMILIANO J. PACHECO|EMILIANO J. PACHECO WAS KIDNAPPED ALONG WITH THE POLITICAL LEADER.     
DEV-MUC3-1150|ELN|ELN IS ALSO HOLDING
DEV-MUC3-1150|CATTLEMAN GERMAN SIERRA MEDINA|CATTLEMAN GERMAN SIERRA MEDINA WAS KIDNAPPED ALONG THE EL TORO ROAD OF PIEDRA ALTA.  
DEV-MUC3-1151|MILITARY HELICOPTER|MILITARY HELICOPTER WAS SHOT DOWN TODAY
DEV-MUC3-1151|HELICOPTER|HELICOPTER WAS SHOT DOWN TODAY
DEV-MUC3-1152|WHICH ATTORNEY GENERAL MAURICIO COLORADO|WHICH ATTORNEY GENERAL MAURICIO COLORADO WAS ONE OF THE PASSENGERS
DEV-MUC3-1154|UNITED STATES|UNITED STATES HAS BEEN CONSIDERABLY HARSHER
DEV-MUC3-1154|THAT|THAT WAS CHARACTERIZED BY REPRESSIVE PRACTICES AGAINST THE OPPOSITION AND PEASANT AND LABOR GROUPS.  
DEV-MUC3-1155|COUNTRY|"COUNTRY IS WILLING TO PARTICIPATE ""IN EVERY STAGE"
DEV-MUC3-1155|WHICH|WHICH WERE SEVERED IN 1973
DEV-MUC3-1155|WHICH|WHICH IS CURRENTLY EXCLUDED BECAUSE OF ITS DOMESTIC POLITICAL SITUATION
DEV-MUC3-1158|AIR FORCE HELICOPTER|AIR FORCE HELICOPTER IS OVERFLYING THE AREA TO COUNTERACT THE REBELS' MOVEMENT.     
DEV-MUC3-1162|CARTEL|CARTEL WAS PLANNING TO SURRENDER TO THE GOVERNMENT
DEV-MUC3-1168|WHAT CRIME|WHAT CRIME HAS BEEN COMMITTED NOT THE HOME COUNTRY
DEV-MUC3-1169|GOVERNMENT|GOVERNMENT IS MORALLY AND POLITICALLY COMPELLED TO IMPLEMENT AS SOON AS POSSIBLE GOODWILL GESTURES
DEV-MUC3-1171|SALVADOR ALLENDE|SALVADOR ALLENDE WAS THERE STRUGGLING SIDE BY SIDE WITH THE NICARAGUAN PEOPLE.     
DEV-MUC3-1172|THAT|THAT BE ANOTHER MILITARY COUP IN NICARAGUA
DEV-MUC3-1172|THAT|THAT HAS BEEN THE VANGUARD OF THE PROCESS
DEV-MUC3-1172|THAT|THAT WILL BE ENRICHING TO US AS A REVOLUTION.     
DEV-MUC3-1174|QUAYLE|QUAYLE IS CERTAIN THAT THE TRANSFER OF POWER WILL BE CARRIED OUT ON 25 APRIL.  
DEV-MUC3-1174|CONTRAS|CONTRAS SHOULD BE IMMEDIATELY DISARMED AND DEMOBILIZED
DEV-MUC3-1175|ATTACK|ATTACK WAS TREMENDOUSLY REGRETTABLE AND CONDEMNABLE
DEV-MUC3-1175|GROUP RESPONSIBLE|GROUP RESPONSIBLE WILL BE SENTENCED WITH MAXIMUM SEVERITY
DEV-MUC3-1176|RULING GUATEMALAN CHRISTIAN DEMOCRACY|RULING GUATEMALAN CHRISTIAN DEMOCRACY WAS SHOT AND KILLED ON 21 MARCH BY UNIDENTIFIED MEN
DEV-MUC3-1177|GOVERNMENT|GOVERNMENT WAS RESPONSIBLE FOR HIS SAFETY DURING THE PAST 4 YEARS
DEV-MUC3-1177|GOVERNMENT|GOVERNMENT IS INDEED OFFERING PROTECTION
DEV-MUC3-1177|DR JARAMILLO|DR JARAMILLO WAS INDEED PROTECTED.     
DEV-MUC3-0118|ESA|ESA IS OPPOSED TO THE ISSUANCE OF ARREST WARRANTS
DEV-MUC3-0118|ATTACK|ATTACK WAS TO EXPRESS REJECTION OF THE SOCIALIST-LEANING MEASURES
DEV-MUC3-0118|ATTACK|ATTACK WAS A WARNING
DEV-MUC3-1181|SORTO MILLA|SORTO MILLA WAS WOUNDED IN AN ATTACK IN SAN SALVADOR
DEV-MUC3-1182|THAT|THAT IS NO LONGER
DEV-MUC3-1182|THAT|THAT IS SPONSORED.  
DEV-MUC3-1184|BERNARDO JARAMILLO OSSA|BERNARDO JARAMILLO OSSA WAS TRANSFERRED TO THE OVAL ROOM IN THE NATIONAL CONGRESS WHERE HE WILL LIE IN STATE
DEV-MUC3-1185|POLICEMEN GABRIEL HORACIO GARAY|POLICEMEN GABRIEL HORACIO GARAY WERE INJURED IN OTHER SECTORS OF BOGOTA.  
DEV-MUC3-1191|WHICH|WHICH IS IN THE PORT OF EL CALLAO
DEV-MUC3-1191|WHICH|WHICH IS ON AN IMPORTANT LIMA AVENUE WHEN THE ATTACK OCCURRED.  
DEV-MUC3-1191|PRESIDENTIAL CANDIDATE|PRESIDENTIAL CANDIDATE IS THE WRITER MARIO VARGAS LLOSA WAS BOMBED LAST NIGHT.  
DEV-MUC3-1194|VENEZUELA|VENEZUELA IS IN A SITUATION THAT SHOULD REALLY CATCH OUR ATTENTION BECAUSE VENEZUELA BORDERS COLOMBIA AND WE
DEV-MUC3-1195|YESTERDAY|YESTERDAY WAS THE MOST VIOLENT DAY IN AYACUCHO SINCE LAST NOVEMBER WHEN MUNICIPAL ELECTIONS WERE HELD.  
DEV-MUC3-1201|VEHICLE|VEHICLE WAS PROBABLY ACTIVATED BY REMOTE CONTROL BY A GUERRILLA UNIT
DEV-MUC3-1202|EL SALVADOR|EL SALVADOR IS QUITE FAR FROM EXPERIENCING
DEV-MUC3-1203|FMLN|FMLN IS WILLING TO REACH ACCORDS
DEV-MUC3-1204|KIDNAPPING|KIDNAPPING IS ONE OF COLOMBIA'S MOST PROFITABLE INDUSTRIES TO THE EXTENT
DEV-MUC3-1204|PEOPLE|PEOPLE HAVE BEEN KIDNAPPED EVERY DAY
DEV-MUC3-1204|PEOPLE|PEOPLE HAVE BEEN KIDNAPPED FOR EXTORTION PURPOSES
DEV-MUC3-1207|WHAT|WHAT IS THE POSITION OF THE ARMED FORCES CONCERNING THE PRESIDENTIAL SUMMIT IN NICARAGUA AND THE UPCOMING DIALOGUE
DEV-MUC3-1207|DIALOGUE|DIALOGUE IS A MECHANISM FOR ACHIEIVING PEACE IN OUR COUNTRY
DEV-MUC3-1208|ACTION|ACTION IS CONDEMNABLE FROM EVERY VIEWPOINT
DEV-MUC3-1210|DEATH SQUADS|DEATH SQUADS WERE ACTIVE EVEN BEFORE THE FMLN WAS ORGANIZED
DEV-MUC3-1210|REMARKS|REMARKS HAVE BEEN THE CAUSE OF CONCERN FOR LOCAL AND FOREIGN OBSERVERS
DEV-MUC3-1211|COMMANDER|COMMANDER WAS A DISCUSSION
DEV-MUC3-1211|DUARTE|DUARTE WAS A FIGHTER FOR DEMOCRACY
DEV-MUC3-1216|BARCO|BARCO WAS QUOTED AS SAYING THAT HE WAS PARTICULARLY OPTIMISTIC ABOUT CONTROLLING IMPORTS OF CHEMICALS
DEV-MUC3-1216|BARCO|"BARCO IS TO VISIT BELGIUM AND BRITAIN FOLLOWING HIS STAY HERE.   
"
DEV-MUC3-1217|AYACUCHO|AYACUCHO IS UNDER A STATE OF MILITARY EMERGENCY.  
DEV-MUC3-0122|MAIN ATTACK|MAIN ATTACK WAS LAUNCHED AT THE INSTALLATIONS OF MILITARY DETACHMENT
DEV-MUC3-1225|ARMY|ARMY BEING BOGGED DOWN.  
DEV-MUC3-1227|HAITIAN ARMY|HAITIAN ARMY IS UNDER THE ORDERS OF THE NATION'S PRESIDENT
DEV-MUC3-1228|PROJECT|PROJECT WAS SUSPENDED BECAUSE OF A POLITICAL DECISION AND ALSO BECAUSE WE DO NOT HAVE FUNDS TO FINANCE THIS TECHNICAL PROJECT
DEV-MUC3-0123|THAT|THAT WERE LACED CYANIDE.  
DEV-MUC3-0123|THAT|THAT IS AN EXAMPLE OF THE DAMAGE THAT TERRORISM CAN CAUSE
DEV-MUC3-0123|THAT|THAT WAS UNDER CONTROL
DEV-MUC3-1232|FORMER GUERRILLA COMMANDER|FORMER GUERRILLA COMMANDER WAS TAKEN TO A HOSPITAL IN BOGOTA
DEV-MUC3-1232|PIZARRO|PIZARRO WAS SERIOUSLY WOUNDED AND THAT HIS ASSAILANT WAS KILLED
DEV-MUC3-1233|FORMER GUERRILLA COMMANDER|FORMER GUERRILLA COMMANDER WAS RUSHED TO A HOSPITAL IN THE CAPITAL.     
DEV-MUC3-1234|CALLER IDENTIFIED|CALLER IDENTIFIED MUST BE AN ALIAS.  
DEV-MUC3-1236|MEDELLIN|MEDELLIN IS THE HOME OF THE CARTEL AND OF ITS ARMED WING--THE EXTRADITABLES--WHICH DESCRIBED THEMSELVES IN MARCH
DEV-MUC3-1237|GOVERNMENT|GOVERNMENT IS VERY WORRIED OF COURSE.  
DEV-MUC3-1238|WHICH|WHICH HAS BEEN AN EASY WAY OUT AND AN ALTERNATIVE
DEV-MUC3-1238|WHAT|WHAT WILL BE NEGOTIATED AND WHAT WILL BE DONE TO END
DEV-MUC3-1239|JUDGE|JUDGE IS THE ONE WHO CAN ORDER FUTURE
DEV-MUC3-1239|CASE|CASE IS NOW IN THE HANDS OF THE COURT.  
DEV-MUC3-0124|OUR COUNTRY|OUR COUNTRY WILL BE MORE THAN $880 MILLION.     
DEV-MUC3-0124|FELIU|FELIU IS ENORMOUS.  
DEV-MUC3-1240|FIRST CASE MY OPINION|FIRST CASE MY OPINION IS THAT ANYBODY THAT HAS ANY INFORMATION WITH RESPECT TO THE ASSASSINATION OF THE JESUIT PRIESTS
DEV-MUC3-1240|THAT|THAT IS IN CHARGE OF THE CASE AND GIVE ALL THE INFORMATION AVAILABLE TO HIM
DEV-MUC3-1240|THAT|THAT IS KNOWLEDGEABLE OF AND
DEV-MUC3-1240|THAT|THAT IS NOT GOOD FOR THE JUDICIAL PROCESS
DEV-MUC3-1240|THAT|THAT IS TRUE OR UNTRUE
DEV-MUC3-1240|THAT|THAT WAS TIME TO GET ALL THAT WAS LEFT IN NICARAGUA
DEV-MUC3-1240|THAT|THAT WAS LEFT IN NICARAGUA
DEV-MUC3-1241|PARTY WHOSE PRESIDENTIAL CANDIDATE|PARTY WHOSE PRESIDENTIAL CANDIDATE WAS BRUTALLY MURDERED TODAY
DEV-MUC3-1243|COLOMBIANS|COLOMBIANS HAVE BEEN MURDERED ONE BY ONE.  
DEV-MUC3-1243|THAT|THAT IS WHY THEY HAVE UNLEASHED THEIR EVIL
DEV-MUC3-1243|THAT|THAT HAVE BEEN MURDERED.  
DEV-MUC3-1243|THAT|THAT IS WHY I PRAISE WHAT ANTONIO NAVARRO SAID LAST NIGHT
DEV-MUC3-1243|THEIR EXISTENCE|THEIR EXISTENCE WAS A THREAT TO THE SURVIVAL OF VIOLENT PRACTICES.  
DEV-MUC3-1244|GOVERNMENT|GOVERNMENT IS DETERMINED TO DO EVEYTHING NECESSARY
DEV-MUC3-1245|DEMOCRACY|DEMOCRACY IS NOT AFRAID OF COMMUNISM.  
DEV-MUC3-1248|ANTONIO NAVARRO WOLFF|ANTONIO NAVARRO WOLFF WAS NOMINATED TODAY
DEV-MUC3-1248|NAVARRO WOLFF|NAVARRO WOLFF WAS NOMINATED TODAY
DEV-MUC3-1248|WHO HAD|WHO HAD BEEN THE NUMBER TWO MAN IN THE 19 APRIL MOVEMENT
DEV-MUC3-1249|PRESIDENTIAL CANDIDATE|PRESIDENTIAL CANDIDATE IS THE SIXTH COMMANDER M-19 HAS HAD THE SECOND SINCE THE REBEL GROUP ENTERED ITS NEW PHASE
DEV-MUC3-1250|WHICH|WHICH WAS DEVELOPED BY ARGENTINA IN 1978
DEV-MUC3-1250|WHICH|WHICH IS LESS HARD UP
DEV-MUC3-1252|SEINELDIN|SEINELDIN IS BETTER KNOWN THAN MANY POLITICIANS'' AND CABINET MEMBERS SINCE 91 PERCENT OF THE POPULATION
DEV-MUC3-1257|ATTACKS|ATTACKS WERE ACCOMPANIED BY SABOTAGE TO THE ELECTRIC SERVICE SYSTEM.  
DEV-MUC3-1259|M-19|M-19 IS IN FAVOR OF DRUG
DEV-MUC3-0126|PRESIDENT JOSE NAPOLEON DUARTE|PRESIDENT JOSE NAPOLEON DUARTE WAS AT HIS OFFICE
DEV-MUC3-0126|ATTACK|"ATTACK WAS PRESUMABLY CARRIED OUT BY FARABUNDO MARTI NATIONAL LIBERATION FRONT URBAN GUERRILLAS.   
"
DEV-MUC3-1262|CRISTIANI|CRISTIANI IS ASKED IF THE MILITARY HIGH COMMAND IS BEING INVESTIGATED.  
DEV-MUC3-1262|THAT|THAT IS WHEN WE THINK THEY COULD START....  
DEV-MUC3-1262|THAT|THAT IS ANONYMOUS CASTS
DEV-MUC3-1262|THAT|THAT IS ONE OF THE MOST RIDICULOUS FMLN COMMUNIQUES I HAVE SEEN TO DATE
DEV-MUC3-1262|THAT|THAT WAS A WAY TO SEEK NOTORIETY THROUGH THE NEWS
DEV-MUC3-1262|THAT|THAT IS DUTY BOUND TO CONTINUE WITH THE JUDICIAL PROCEDURES STIPULATED BY SALVADORAN LAW
DEV-MUC3-1262|THAT|THAT MIGHT BE ANALYZED BY SOME OF THE MEMBERS OR ALL THE MEMBERS OF THE FMLN AS MEANING
DEV-MUC3-1262|THAT|THAT CAN BE INVESTIGATED IN THIS CASE
DEV-MUC3-1263|ARMED FORCES|ARMED FORCES HAVE BEEN WILLING TO CONDUCT A PROCESS OF PROFESSIONALIZING AND MODERNIZING
DEV-MUC3-1263|WHAT|WHAT IS THE OUTLOOK FOR THE ARMED FORCES AND FOR YOUR GOVERNMENT?     
DEV-MUC3-1263|THAT|THAT HAVE BEEN WILLING TO CONDUCT A PROCESS OF PROFESSIONALIZING AND MODERNIZING
DEV-MUC3-1263|THAT|THAT IS ONE OF THE MOST RIDICULOUS FMLN COMMUNIQUES I HAVE SEEN TO DATE
DEV-MUC3-1263|THAT|THAT IS NOT VERY JUSTIFIABLE
DEV-MUC3-1263|THAT|THAT WAS A WAY TO SEEK NOTORIETY THROUGH THE NEWS
DEV-MUC3-1263|THAT|THAT IS NOT ALL.  
DEV-MUC3-1263|THAT|THAT BEEN EXPLAINED IN THE PAST
DEV-MUC3-1263|THAT|THAT WAS PUBLISHED WHICH CONDEMNED THE STATEMENTS MADE BY COL
DEV-MUC3-1267|WHICH|WHICH SHOULD BE CONTINUOUS.  
DEV-MUC3-1277|DEFENSE MINISTER|"DEFENSE MINISTER IS A COLLEAGUE WHO ONLY HANDLES ADMINISTRATIVE ISSUES WITHIN THE ARMY.     
"
DEV-MUC3-0128|FIGHTING|FIGHTING IS ESPECIALLY INTENSE IN THE SAN JACINTO
DEV-MUC3-1280|OUR REFUGEE GONZALO GONZALEZ|OUR REFUGEE GONZALO GONZALEZ IS ACCUSED OF BEING THE MASTERMIND OF CHILD MARCOS ALBERTO RODRIGUEZ JUSTINES
DEV-MUC3-1280|REFUGEE GONZALO GONZALEZ|REFUGEE GONZALO GONZALEZ IS ACCUSED OF BEING THE MASTERMIND OF CHILD MARCOS ALBERTO RODRIGUEZ JUSTINES
DEV-MUC3-1280|REFUGEE GONZALO GONZALEZ|REFUGEE GONZALO GONZALEZ IS WILLING TO RENDER TESTIMONY
DEV-MUC3-1282|MAIN POLITICAL CONSPIRATOR|MAIN POLITICAL CONSPIRATOR WAS AGAINST PRESIDENT ROLDOS.  
DEV-MUC3-1285|AMALIO ESCOBAR MONZON|AMALIO ESCOBAR MONZON WAS SHOT TO DEATH IN SAN PABLO SAN MARCOS DEPARTMENT IN THE NORTHWESTERN PART OF THE COUNTRY.     
DEV-MUC3-1287|SLUTZKY|SLUTZKY BE ABLE TO APPEAR BEFORE THE VOTERS IN A FEW MONTHS AND PROVE THAT HE HAS KEPT HIS PROMISES?     
DEV-MUC3-1287|CEREZO|CEREZO HAS BEEN IN THIS POST FOR FIVE YEARS.  
DEV-MUC3-1287|CEREZO|CEREZO BE ABLE TO APPEAR BEFORE THE VOTERS IN A FEW MONTHS AND PROVE THAT HE HAS KEPT HIS PROMISES?     
DEV-MUC3-1291|WHICH|WHICH SHOULD BE LEFT UNSUITED TO CARRY OUT EXTERNAL ATTACKS
DEV-MUC3-1293|FORMER PRESIDENT|FORMER PRESIDENT WAS OPENLY IN SOLIDARITY WITH THE SANDINIST NATIONAL LIBERATION FRONT OF NICARAGUA AND THE SALVADORAN INSURGENTS.  
DEV-MUC3-1297|AYLWIN|AYLWIN HAS BEEN PRESIDENT FOR ONLY 70 DAYS
DEV-MUC3-1297|PINOCHET|PINOCHET IS AWARE OF THE FEAR HE AWAKENS
DEV-MUC3-1297|ADMINISTRATION|ADMINISTRATION HAS BEEN HARSHLY CRITICIZED BY THE RIGHTWING EVERY TIME
DEV-MUC3-1297|REPORT|REPORT WAS YET ANOTHER REASON FOR POPULAR REJOICING
DEV-MUC3-1297|REPORT|REPORT IS RATHER CURIOUS
DEV-MUC3-1299|COLOMBIANS|COLOMBIANS SHOULD BE MORE UNITED THAN EVER
DEV-MUC3-0013|CATHOLIC CHURCH|CATHOLIC CHURCH IS PLEASED WITH THE PROGRESS OF THE INVESTIGATIONS REGARDING THE MURDER OF THE JESUIT PRIESTS
DEV-MUC3-0013|THAT|THAT IS PLEASED WITH THE PROGRESS OF THE INVESTIGATIONS REGARDING THE MURDER OF THE JESUIT PRIESTS
DEV-MUC3-0013|THAT|THAT SHOULD BE RECOGNIZED FOR HAVING HAD THE COURAGE TO KEEP HIS PROMISE TO CONDUCT A THOROUGH INVESTIGATION
DEV-MUC3-0013|THAT|THAT IS AS HARMFUL AS IRRATIONAL VIOLENCE
DEV-MUC3-0013|THAT|THAT MUST BE SOUGHT TO DISCUSS ISSUES
DEV-MUC3-0013|THAT|THAT IS AS IMPARTIAL AS POSSIBLE
DEV-MUC3-0130|RIGHT POLITICAL COALITION|RIGHT POLITICAL COALITION WAS TO SEND A CABLE
DEV-MUC3-0130|POLITICA DE CENTRO DERECHA|POLITICA DE CENTRO DERECHA HAS BEEN OFFICIALLY FORMED
DEV-MUC3-0132|ARMY|ARMY IS READY AND HAS IMPLEMENTED MILITARY MEASURES TO COUNTER THE BOYCOTT
DEV-MUC3-0135|SAN SALVADOR|SAN SALVADOR IS PARALYZED WHILE A MAJORITY OF THE RESIDENTS ARE NOT RECEIVING POTABLE WATER OR ELECTRIC POWER.     
DEV-MUC3-0136|ATTACK|ATTACK WAS LAUNCHED FROM SANTA LUCIA COLONIA
DEV-MUC3-0139|LUIS GALDAMEZ|LUIS GALDAMEZ IS CRITICALLY ILL WHILE ROBERTO NAVAS DIED INSTANTANEOUSLY.  
DEV-MUC3-0139|REPORTER ROBERTO NAVAS|REPORTER ROBERTO NAVAS WERE SHOT BY TROOPS OF THE DICTATORSHIP.     
DEV-MUC3-0139|ROBERTO NAVAS|ROBERTO NAVAS WERE SHOT BY TROOPS OF THE DICTATORSHIP.     
DEV-MUC3-0139|ROBERTO NAVAS|ROBERTO NAVAS WERE COWARDLY STRAFED
DEV-MUC3-0139|LAST NIGHT|LAST NIGHT WERE SHOT BY TROOPS OF THE DICTATORSHIP.     
DEV-MUC3-0141|WHO|WHO WERE SHOT BY SOLDIERS IN THE PAST FEW HOURS IN THE CAPITAL
DEV-MUC3-0141|WHO|WHO WERE ON A MOTOCYCLE
DEV-MUC3-0145|HAD|HAD BEEN RESTORED IN MOST PARTS OF NATIONAL TERRITORY.     
DEV-MUC3-0145|HAD|HAD BEEN UNABLE TO OPEN
DEV-MUC3-0146|UNITED STATES|"UNITED STATES WAS NOT TO BLAME BUT RATHER ""THOSE WHO HAVE REQUESTED A BOYCOTT AGAINST [WORDS INDISTINCT].""   
"
DEV-MUC3-0015|G3-A3 RIFLES|G3-A3 RIFLES WERE DESTROYED AT THE SITE OF THE AMBUSH.  
DEV-MUC3-0151|WHO|WHO WERE NOT INTERESTED IN GETTING THEIR VOTING CARD
DEV-MUC3-0151|THAT|THAT BEING EXPERIENCED BY OUR PEOPLE.     
DEV-MUC3-0155|DELEGATION|DELEGATION IS COMPOSED OF MEMBERS OF THE NATIONAL RECONCILIATION COMMISSION HEADED
DEV-MUC3-0156|POLICE STATION|POLICE STATION IS 550 KM SOUTHEAST OF LIMA AND HAS A COMPLIMENT OF ABOUT 50 POLICEMEN
DEV-MUC3-0016|DESTROYED UCR HEADQUARTERS|DESTROYED UCR HEADQUARTERS IS IN THE MORENO DISTRICT OF BUENOS AIRES.     
DEV-MUC3-0160|PERSON|PERSON IS DORA MILAGROS ARGUETA MAROQUIN WHO LIVES IN [WORD INDISTINCT
DEV-MUC3-0160|PERSON|PERSON WAS TAKEN TO THE HOSPITAL
DEV-MUC3-0160|PERSON|PERSON IS SILVIA AYALA WHO LIVES IN [WORDS INDISTINCT
DEV-MUC3-0160|OTHER PERSON|OTHER PERSON IS DORA MILAGROS ARGUETA MAROQUIN WHO LIVES IN [WORD INDISTINCT
DEV-MUC3-0160|OTHER PERSON|OTHER PERSON IS SILVIA AYALA WHO LIVES IN [WORDS INDISTINCT
DEV-MUC3-0164|FMLN|FMLN IS BLAMED FOR THOSE ATTACKS.  
DEV-MUC3-0165|U.S. CULTURAL INSTITUTE|U.S. CULTURAL INSTITUTE IS LOCATED AT 1475 MONEDA STREET IN THE CENTER OF DONWTOWN SANTIAGO.     
DEV-MUC3-0165|CULTURAL INSTITUTE|CULTURAL INSTITUTE IS LOCATED AT 1475 MONEDA STREET IN THE CENTER OF DONWTOWN SANTIAGO.     
DEV-MUC3-0168|PARTY|PARTY IS NOT OUT PREPARING FOR ELECTIONS
DEV-MUC3-0168|BEST THING|BEST THING WOULD BE FOR THE CONTRAS TO FIND OUT WHO WILL BE THE STEPPING STONE
DEV-MUC3-0170|HUMANITARIAN AID ENSURES|HUMANITARIAN AID ENSURES WILL BE FIRED.  
DEV-MUC3-0170|SINGLE SHOT|SINGLE SHOT WILL BE FIRED.  
DEV-MUC3-0170|SINGLE SHOT|SINGLE SHOT WILL BE FIRED AND THAT THE ELECTIONS WILL BE HELD IN PEACE
DEV-MUC3-0171|POLITICAL LIFE|POLITICAL LIFE IS STILL LINKED WITH VIOLENCE.....     
DEV-MUC3-0173|RIFLE FIRE|RIFLE FIRE WAS ONLY TO DISTRACT SECURITY PERSONNEL IN THE AREA.     
DEV-MUC3-0177|GUERRILLA GROUP|GUERRILLA GROUP WAS FORMED IN SEPTEMBER 1973 AS A PROTEST
DEV-MUC3-0178|ATTACK|ATTACK WAS ALSO CLAIMED BY THE FPM WHICH SAID IT HAD WOUNDED SOME AMERICANS.     
DEV-MUC3-0178|CONVOY|CONVOY WAS ATTACKED IN THE SAME AREA
DEV-MUC3-0185|CEPEDA|CEPEDA IS INTENSIFYING.  
DEV-MUC3-0185|WHICH|WHICH IS THE STRONGEST
DEV-MUC3-0185|WHICH|WHICH WILL BE ABUSED FOR PROPAGANDA PURPOSES
DEV-MUC3-0185|WHICH|WHICH IS LINKED TO
DEV-MUC3-0185|WHICH|WHICH IS NOT IN THE INTEREST OF THE COLOMBIAN PEOPLE
DEV-MUC3-0185|WHICH|WHICH IS IN THE HANDS OF THE ARMY
DEV-MUC3-0185|PRESIDENT|PRESIDENT IS THE SUPREME COMMANDER OF THE ARMED FORCES.     
DEV-MUC3-0188|AVC|AVC IS A SERIOUS RESPONSIBLE ORGANIZATION
DEV-MUC3-0019|KENT JR|KENT JR WAS UNEXPECTEDLY ATTACKED
DEV-MUC3-0192|MR PRESIDENT|MR PRESIDENT IS THERE INFORMATION ON THE GROUP
DEV-MUC3-0192|MR PRESIDENT|MR PRESIDENT WERE THE OWNERS OF THOSE PASSPORTS
DEV-MUC3-0192|GARCIA|GARCIA IS ONE OF THE STRONGEST BLOWS AND IT WILL CERTAINLY NOT BE THE LAST ONE.  
DEV-MUC3-0195|HONDURAS|HONDURAS IS NOT ONLY
DEV-MUC3-0196|MAY DAY|MAY DAY WILL BE A GREAT JOURNEY OF STRUGGLES
DEV-MUC3-0201|LUIS ALBERTO SANCHEZ|LUIS ALBERTO SANCHEZ HAS BEEN DESIGNATED NEW PRESIDENT OF THE COUNCIL OF MINISTERS.  
DEV-MUC3-0206|GOVERNMENT|GOVERNMENT IS STILL HOSTAGE TO THE MILITARY HIGH COMMAND WHICH TEMPORARILY SURRENDERED POWER AFTER MANY YEARS OF DICTATORSHIP.     
DEV-MUC3-0206|CEREZO|CEREZO IS NOT AN ISOLATED EVENT.  
DEV-MUC3-0206|CEREZO|CEREZO IS THE VICTIM OF MILITARY MEN WHO HAVE BEEN KEPT AWAY FROM POSITIONS OF GREATER POWER BY THEIR FELLOW OFFICERS.  
DEV-MUC3-0208|MILITARY GOVERNMENT|MILITARY GOVERNMENT IS AT TIMES MORE EFFECTIVE
DEV-MUC3-0218|PEOPLE|PEOPLE WERE HOSPITALIZED AT THE CLEMENTE ALVAREZ HOSPITAL.     
DEV-MUC3-0022|ARMY|ARMY IS AN ARMY WHOSE MILITARY STANCE IS DEFENSIVE NOT OFFENSIVE
DEV-MUC3-0220|EXPLOSIVE DEVICE HAD|EXPLOSIVE DEVICE HAD BEEN LEFT ON
DEV-MUC3-0224|CIVILIANS|CIVILIANS WERE LOOTING STORES IN SAN MIGUEL BUENOS AIRES PROVINCE.     
DEV-MUC3-0229|SHOPPING MALL|"SHOPPING MALL WAS ALSO ATTACKED BY TERRORISTS.     
"
DEV-MUC3-0229|MORE PEOPLE|MORE PEOPLE WERE SERIOUSLY WOUNDED.  
DEV-MUC3-0229|BOGOTA|BOGOTA HAVE BEEN THE TARGETS OF DYNAMITE ATTACKS
DEV-MUC3-0023|MURDER|MURDER IS ATTRIBUTED TO MRTA AND NOT TO THE SHINING PATH
DEV-MUC3-0023|WHO|WHO WERE MURDERED IN COLD BLOOD
DEV-MUC3-0230|CRIME|"CRIME IS IN NO WAY LINKED TO THE PRESENCE OF ""SHINING PATH"" TERRORISTS IN BOLIVIA"
DEV-MUC3-0230|DRUG TRAFFICKERS|DRUG TRAFFICKERS MIGHT BE INVOLVED AND TO WHICH THEY WANT TO ATTACH A POLITICAL CONNOTATION
DEV-MUC3-0237|PRESIDENCY MINISTER JOSE ANTONIO RODRIGUEZ PORTH|PRESIDENCY MINISTER JOSE ANTONIO RODRIGUEZ PORTH WAS SERIOUSLY WOUNDED
DEV-MUC3-0238|SALVADORAN PRESIDENCY MINISTER ANTONIO RODRIGUEZ PORTH|SALVADORAN PRESIDENCY MINISTER ANTONIO RODRIGUEZ PORTH WAS ASSASSINATED TODAY IN SAN SALVADOR DURING AN ATTACK IN WHICH TWO MEMBERS OF HIS ESCORT WERE ALSO KILLED
DEV-MUC3-0239|RODRIGUEZ PORTH|RODRIGUEZ PORTH IS THE FIRST MINISTER TO BE ASSASSINATED BY THE GUERRILLAS SINCE THE SALVADORAN CONFLICT BEGAN ALMOST 10 YEARS AGO.       
DEV-MUC3-0244|ARMY|ARMY IS LEGITIMIZED BY THE PEOPLE ATTACKED AND THOSE WHO INFORM AND PROTEST
DEV-MUC3-0244|WHO|WHO WERE THE VICTIMS OF THE SALVADORAN AGGRESSION
DEV-MUC3-0245|OROSCO TELLO|OROSCO TELLO WAS ONLY YESTERDAY IDENTIFIED BY MILITARY AND FORENSIC EXPERTS OF THE APURIMAC DEPARTMENT POLITICAL AND MILITARY COMMAND.     
DEV-MUC3-0250|RETIRED AIR FORCE OFFICER|RETIRED AIR FORCE OFFICER WAS MURDERED.       
DEV-MUC3-0252|BUSCHMANN|BUSCHMANN CAN BE SUBMITTED TO DUE PROCESS IN A CASE OF A STRICTLY JUDICIAL NATURE.     
DEV-MUC3-0252|BUSCHMANN|BUSCHMANN HAS BEEN INTERNATIONALLY RECOGNIZED AS A TERRORIST
DEV-MUC3-0252|BUSCHMANN|"BUSCHMANN HAS BEEN SET FREE.   
"
DEV-MUC3-0252|EXTRADITION REQUEST THAT|EXTRADITION REQUEST THAT IS BEING PREPARED IN CHILE.  
DEV-MUC3-0258|MARY STANISLAUS MAKEIL|MARY STANISLAUS MAKEIL WAS SERIOUSLY WOUNDED
DEV-MUC3-0260|WHICH|WHICH IS BY THE SOUTHERN ENTRANCE TO THE MARKET
DEV-MUC3-0264|COL RIVERA|COL RIVERA WAS THE DIRECTOR OF THE PUBLIC SECURITY ACADEMY.  
DEV-MUC3-0264|COL RIVERA|COL RIVERA WAS A DEATH SQUAD MEMBER WHO TAUGHT TORTURE TECHNIQUES
DEV-MUC3-0266|WHO|WHO WERE LINKED WITH ONE OF THE PLANS
DEV-MUC3-0266|WHO|WHO BE SUMMONED BY THE ATTORNEY GENERAL'S OFFICE
DEV-MUC3-0267|KILLING|"KILLING WAS CLAIMED BY A SELF- STYLED ""ZARATE WILLCA ARMED FORCES LIBERATION"" GROUP"
DEV-MUC3-0268|DIEGO MORALES|DIEGO MORALES IS SERIOUSLY INJURED
DEV-MUC3-0027|GOVERNMENT|GOVERNMENT IS FAMILIAR WITH THE REBELS' TACTICS PARTICULARLY
DEV-MUC3-0270|WHOSE ASSASSINATION|WHOSE ASSASSINATION HAS BEEN ATTRIBUTED TO THE ROBERTO D'AUBUISSON FACTION
DEV-MUC3-0272|THAT|"THAT IS ONE OF THE MECHANISMS THAT COULD LEAD TO A SOLUTION.""  "
DEV-MUC3-0273|GUTIERREZ CASTRO|GUTIERREZ CASTRO WAS IN THE CAR WITH HIS TWO SONS.     
DEV-MUC3-0276|MCNAMARA|MCNAMARA WAS NOT AT THE RESIDENCE AND THAT HE HAD TRAVELLED TO MIAMI FLORIDA
DEV-MUC3-0277|TOURIST BUS THAT|TOURIST BUS THAT WAS ON A DOWNTOWN LIMA AVENUE
DEV-MUC3-0281|ADAN SOLORZANO MARTINEZ|ADAN SOLORZANO MARTINEZ WAS AN ARMY LIEUTENANT
DEV-MUC3-0282|WHAT|WHAT WILL BE ABLE TO BUILD TOGETHER ALL UNITED
DEV-MUC3-0282|WHAT|WHAT IS DECREPIT AND WELCOME WHAT IS BEGINNING.  
DEV-MUC3-0283|MY IMPRESSION|MY IMPRESSION IS THAT THEY ATTACH
DEV-MUC3-0284|MAYORS|MAYORS WERE RELEASED IN THE MUNICIPALITY OF SAN FRANCISCO ANTIOQUIA THIS MORNING.  
DEV-MUC3-0284|MAYORS|MAYORS WERE RELEASED AT 0430
DEV-MUC3-0286|SENDERO LUMINOSO|SENDERO LUMINOSO IS AN EXTREME LEFT-WING REBEL ORGANIZATION
DEV-MUC3-0286|SENDERO LUMINOSO|SENDERO LUMINOSO HAS BEEN IN EXISTENCE FOR MORE THAN 20 YEARS.  
DEV-MUC3-0286|SOVIET SEAMEN|SOVIET SEAMEN WERE ON A BUS
DEV-MUC3-0286|EXPLOSION|"EXPLOSION WAS ORGANIZED BY THE ""SENDERO LUMINOSO"" A REBEL GROUP OF MAOIST PERSUASION.  "
DEV-MUC3-0029|U.S.|U.S. BE CAPABLE OF SURPRISING THE WORLD BY HELPING THE SALVADORANS
DEV-MUC3-0296|VENEZUELAN GOVERNMENT|VENEZUELAN GOVERNMENT BEEN CONTACTED?     
DEV-MUC3-0296|WHAT|WHAT IS THE MOST RECENT INFORMATION
DEV-MUC3-0296|CASE|CASE WOULD BE HANDLED SIMILARLY IN BOTH INSTANCES
DEV-MUC3-0303|PRESIDENT VINICIO CEREZO AREVALO|PRESIDENT VINICIO CEREZO AREVALO WAS ABOUT TO DELIVER A SPEECH
DEV-MUC3-0307|WHAT|WHAT IS HAPPENING IN THE COUNTRY
DEV-MUC3-0307|HONESTY WHAT|HONESTY WHAT IS HAPPENING IN THE COUNTRY
DEV-MUC3-0308|SMUGGLING|SMUGGLING IS A CRIME OF HIGH TREASON
DEV-MUC3-0308|GOVERNMENT|GOVERNMENT IS TO BE MORE EFFICIENT
DEV-MUC3-0308|AUSTERITY MEASURES|AUSTERITY MEASURES MUST BE GENUINE AND SHOULD BE AIMED AT
DEV-MUC3-0309|SOCIAL EMERGENCY PLAN|SOCIAL EMERGENCY PLAN WILL BE IMPLEMENTED IN SEPTEMBER.  
DEV-MUC3-0031|ONLY EXPLANATION|"ONLY EXPLANATION IS THAT THERE ARE GROUPS LINKED TO THE SALVADORAN PARAMILITARY SQUADRONS IN THE COUNTRY.   
"
DEV-MUC3-0031|TIME OQUELI|TIME OQUELI WAS IN GUATEMALA--LESS THAN 24 HOURS
DEV-MUC3-0311|OUR GOVERNMENT|OUR GOVERNMENT IS DETERMINED TO WORK HARD
DEV-MUC3-0311|OUR GOVERNMENT|OUR GOVERNMENT IS DETERMINED TO WORK WITH YOU
DEV-MUC3-0311|OUR GOVERNMENT|OUR GOVERNMENT IS DETERMINED TO ACHIEVE PEACE BECAUSE WE ARE AWARE THAT THE FMLN'S TERRORIST VIOLENCE
DEV-MUC3-0313|WHAT|WHAT IS THE ROLE OF THE FOREIGN DEBT IN OUR ECONOMIC RECOVERY?  
DEV-MUC3-0313|MONEY|MONEY IS AT RISK
DEV-MUC3-0313|MONEY|MONEY WILL BE AT HIS DISPOSAL AT ANY TIME.  
DEV-MUC3-0314|FREEDOM|FREEDOM BE POSITIVE BECAUSE WITHOUT FREEDOM OF EXPRESSION ABUSE WILL PREVAIL
DEV-MUC3-0314|WHICH|WHICH IS THE MOST IMPORTANT SYSTEM PERU HAS
DEV-MUC3-0314|CONSTITUTION|CONSTITUTION WAS A RESULT OF THE BALANCE ACHIEVED AMONG VARIOUS AND SOMETIMES ANTAGONISTIC POLITICAL FORCES.  
DEV-MUC3-0317|BARILLAS|BARILLAS WAS SECRETARY GENERAL OF THE PDC FROM 1970 TO 1974.     
DEV-MUC3-0317|BARILLAS|BARILLAS WAS A MEMBER OF THE GUATEMALAN DELEGATION
DEV-MUC3-0317|FIRST SHOTS THAT|FIRST SHOTS THAT WERE FIRED AT HIM AND TOOK REFUGE UNDER A PARKED CAR WHERE THE ASSAILANTS PUMPED 6 ROUNDS INTO HIM.     
DEV-MUC3-0321|COMMAND POST|COMMAND POST WAS ALSO ATTACKED
DEV-MUC3-0321|WHICH|WHICH WAS ABLE TO GAIN CONTROL OF THE SITUATION BY NIGHTFALL
DEV-MUC3-0323|UP LEGAL ADVISOR ABELARDO DAZA|UP LEGAL ADVISOR ABELARDO DAZA WAS SHOT.       
DEV-MUC3-0324|GUERRA|GUERRA IS THE THIRD UP MEMBER
DEV-MUC3-0326|LOPEZ|LOPEZ WAS SHOT TO DEATH AFTER HE WAS KIDNAPPED BY UNIDENTIFIED MEN.       
DEV-MUC3-0328|ITS COMMANDER|ITS COMMANDER IS A MEMBER OF THE ARMED FORCES.  
DEV-MUC3-0328|BATTALION|BATTALION IS THE COUNTERINSURGENCY BATTALION AND ITS COMMANDER IS COLONEL ALBERTO ANDINO BENITEZ
DEV-MUC3-0333|UNITED STATES|UNITED STATES BEEN PRESSURING?       
DEV-MUC3-0333|UNITED STATES|UNITED STATES WILL BE RESPONSIBLE FOR THAT.  
DEV-MUC3-0333|AGREEMENT|AGREEMENT IS REACHED AT THIS SUMMIT
DEV-MUC3-0334|U.S. CITIZEN|U.S. CITIZEN WAS SHOT LAST NIGHT WHEN UNIDENTIFIED INDIVIDUALS TRIED TO ENTER HIS RESIDENCE AT SAN SALVADOR'S
DEV-MUC3-0334|HIS OCCUPATION|"HIS OCCUPATION IS STILL UNKNOWN.      
"
DEV-MUC3-0336|PEACE|PEACE MUST NOT BE AN INSTRUMENT FOR AN IDEOLOGICAL OR PARTISAN STRUGGLE.  
DEV-MUC3-0336|PEACE|PEACE WILL BE THE BIGGEST VICTORY OF THE PEOPLE
DEV-MUC3-0338|POSITION|POSITION BE VERY CRITICAL NOW
DEV-MUC3-0338|WHICH|WHICH IS THE FINAL SOLUTION
DEV-MUC3-0338|WHICH|WHICH BEEN SUBSTANTIALLY NEGLECTED BY DR JAIME VENTURA.  
DEV-MUC3-0034|COL BENAVIDES|COL BENAVIDES WAS IMPLICATED SOLELY AS A MEANS OF PROPAGANDA AIMED AT THE U.S. CONGRESS.  
DEV-MUC3-0343|CONSTITUTION|CONSTITUTION MUST BE INTERPRETED IN FAVOR OF PERU SINCE IT CANNOT BE INTERPRETED IN FAVOR OF THE TERRORISTS.       
DEV-MUC3-0344|INTERNAL SECURITY|INTERNAL SECURITY IS CLOSELY LINKED TO HOW THE ARMED FORCES ARE EQUIPPED
DEV-MUC3-0347|GOVERNMENT|GOVERNMENT IS DESPERATELY ATTEMPTING
DEV-MUC3-0348|POLICE CHIEF|POLICE CHIEF WAS SHOT IN THE HEAD SEVERAL TIMES.       
DEV-MUC3-0035|FMLN|FMLN IS SHOWING TO THE INTERNATIONAL COMMUNITY
DEV-MUC3-0354|STATE|STATE WAS DECLARED YESTERDAY.  
DEV-MUC3-0354|COUNTRY|COUNTRY HAS BEEN ATTACKED FOR THE PAST 3 YEARS
DEV-MUC3-0359|D'AUBUISSON|D'AUBUISSON IS NO SUPPORT FROM THE COMMUNIST WORLD IN GENERAL.  
DEV-MUC3-0359|WHAT|WHAT IS THAT CHANGE MAJOR?       
DEV-MUC3-0360|AGRARIAN REFORM|AGRARIAN REFORM BE PRODUCTIVE AND THAT IS OUR GOAL.  
DEV-MUC3-0361|MARTINEZ ROMERO|MARTINEZ ROMERO WAS CAPTURED BY COLOMBIAN AUTHORITIES TODAY DURING THE RAID ON A FARM IN THE NORTHERN
DEV-MUC3-0363|INDEPENDENT PRESS|"INDEPENDENT PRESS IS BEING HARASSED.     
"
DEV-MUC3-0366|CANDIDATE SENATOR LUIS CARLOS GALAN|CANDIDATE SENATOR LUIS CARLOS GALAN WERE MURDERED LAST WEEK.       
DEV-MUC3-0368|FARM|FARM IS A RECREATION CENTER OWNED ACCORDING TO THE AUTHORITIES BY RAMIRO CORREA
DEV-MUC3-0369|MOST RELEVANT|MOST RELEVANT BEING THE ESTABLISHMENT OF SECURITY SYSTEMS FOR JUDGES AND THEIR FAMILIES
DEV-MUC3-0370|GOVERNMENT MINISTER CESAR GAVIRIA TRUJILLO|GOVERNMENT MINISTER CESAR GAVIRIA TRUJILLO WAS UNANIMOUSLY PROCLAIMED TODAY PRESIDENTIAL CANDIDATE FOR THE NEW LIBERALISM [MOVEMENT WITHIN THE LIBERAL PARTY].     
DEV-MUC3-0370|GAVIRIA|"GAVIRIA IS THE NEW LEADER.   
"
DEV-MUC3-0370|FORMER PRESIDENT JULIO CESAR TURBAY AYALA|FORMER PRESIDENT JULIO CESAR TURBAY AYALA IS WILLING TO ISSUE
DEV-MUC3-0373|BANKER RAMIRO CASTILLO LOVE|BANKER RAMIRO CASTILLO LOVE WAS MURDERED TODAY
DEV-MUC3-0379|FARM|FARM WAS RAIDED ON WEDNESDAY AFTERNOON.  
DEV-MUC3-0379|DRUG|DRUG WAS READY TO BE AIR DROPPED OVER THE SEA
DEV-MUC3-0379|DRUG|DRUG WAS SET ON FIRE IN THE PRESENCE OF JUDGES AND MILITARY AUTHORITIES.  
DEV-MUC3-0038|GOVERNMENT|GOVERNMENT IS DUTYBOUND TO UNCOVER THE MURDERERS OF THE JESUITS
DEV-MUC3-0383|NORDENFLYGHT|NORDENFLYGHT WAS THE SON OF ELIANA DEL CARMEN FARIAS ASSIF
DEV-MUC3-0384|CARTER|CARTER WAS AGAINST USING UNITED STATES TROOPS IN LATIN AMERICA AND THE CARIBBEAN IN THE FIGHT
DEV-MUC3-0385|CARLOS ANDRES PEREZ|CARLOS ANDRES PEREZ IS CONCERNED THAT SOME NATIONS MAY BE GETTING USED TO LIVNG IN A CLIMATE OF COLLECTIVE INTIMIDATION.     
DEV-MUC3-0386|RAMIRO CASTILLO|RAMIRO CASTILLO WAS SHOT TO DEATH
DEV-MUC3-0389|BOYACA COMMAND KIDNAPPED|BOYACA COMMAND KIDNAPPED WERE RELEASED ON
DEV-MUC3-0039|TRIP|TRIP IS DUE TO THE PRESIDENT'S INTEREST IN MEETING WITH UN SECRETARY GENERAL JAVIER PEREZ DE CUELLAR TO REQUEST
DEV-MUC3-0396|COAL|COAL IS EXCELLENT AS IS THE PRICE WE PAY FOR IT.  
DEV-MUC3-0405|WOMEN WHOSE NAMES|WOMEN WHOSE NAMES BEEN RELEASED.     
DEV-MUC3-0407|ROCKET|ROCKET WAS THAT A ROCKET WAS LAUNCHED FROM THE MOUNTAINS.  
DEV-MUC3-0409|DRUG TRAFFICKERS|DRUG TRAFFICKERS WERE PLANNING TO STAY IN BRAZIL AFTER THE MURDER OF SEVERAL COLOMBIAN OFFICIALS
DEV-MUC3-0411|STUDENT|"STUDENT WAS A ""REBEL"" BECAUSE HE WORE REBEL BOOTS AND HAD A REBEL BOOK"
DEV-MUC3-0411|MIRANDA REINA|MIRANDA REINA WAS DESPICABLY AND COWARDLY SHOT IN THE BACK
DEV-MUC3-0413|GAS STATION|GAS STATION IS TOTALLY DESTROYED NOTHING REMAINS OF THE GAS STATION NOT EVEN THE GAS STATION BILLBOARD.     
DEV-MUC3-0414|PROPERTY|PROPERTY CAN BE REPLACED BUT HUMAN LIVES CANNOT.  
DEV-MUC3-0415|NEWSPAPER EL ESPECTADOR|NEWSPAPER EL ESPECTADOR WAS VIRTUALLY PARALYZED TODAY
DEV-MUC3-0420|POWERFUL DYNAMITE CHARGE|POWERFUL DYNAMITE CHARGE WAS PLACED UNDERNEATH THE PLANE.  
DEV-MUC3-0420|GRAY PLANE HAD|GRAY PLANE HAD BEEN IN ROUTE TO CALI LAST WEEK
DEV-MUC3-0420|AIRPLANE|AIRPLANE WAS UNDER SPECIAL PROTECTION BUT THE GUARDS WERE INSIDE THE AIRPORT WHEN THE EXPLOSION OCCURRED.  
DEV-MUC3-0421|HIS DESIRE|HIS DESIRE TO BE ABLE TO IMPLEMENT A TRULY DEMOCRATIC GOVERNMENT
DEV-MUC3-0423|CAI HAD|CAI HAD BEEN DESTROYED WHEN ITS WALLS WERE BEING CONSTRUCTED.     
DEV-MUC3-0425|MIR SPOKESMAN|MIR SPOKESMAN WAS GUNNED DOWN.  
DEV-MUC3-0430|BORDER|BORDER BEEN A CAUSE OF CONCERN FOR VENEZUELAN GOVERNMENTS.  
DEV-MUC3-0432|MEDELLIN|MEDELLIN WAS HIT BY A WAVE OF THREATS THAT TURNED OUT TO BE NOTHING BUT FALSE ALARMS
DEV-MUC3-0432|WHICH|WHICH IS THE DRUG TRAFFICKERS' TRADING HEADQUARTERS IN COLOMBIA
DEV-MUC3-0434|SOUTHERN BOGOTA|SOUTHERN BOGOTA WAS DESTROYED BY A BOMB
DEV-MUC3-0434|BOGOTA|BOGOTA WAS DESTROYED BY A BOMB
DEV-MUC3-0438|EXTRADITION|EXTRADITION WAS EFFECTED ON THE SAME GROUNDS
DEV-MUC3-0438|EXTRADITION|EXTRADITION WAS ARRANGED FOR IN LESS THAN 24 HOURS
DEV-MUC3-0439|LUZ AMPARO GOMEZ SERNA|LUZ AMPARO GOMEZ SERNA WAS MURDERED AT 1620 THIS AFTERNOON.  
DEV-MUC3-0044|HANDMADE CATAPULTS|HANDMADE CATAPULTS WERE DEFUSED AT 1145 1745 GMT BY NATIONAL POLICEMEN.  
DEV-MUC3-0440|WHICH|WHICH WAS THROWN FROM A MOTORCYCLE AT A BRANCH OF THE AGRARIAN FUND
DEV-MUC3-0440|WHICH|WHICH HAVE BEEN ATTRIBUTED TO DRUG TRAFFICKERS
DEV-MUC3-0441|U.S. FLAG|U.S. FLAG WAS SET ON
DEV-MUC3-0444|WHICH|WHICH WAS OBSERVING A TRUCE
DEV-MUC3-0045|WHICH|WHICH WAS POLITICALLY MOTIVATED AND PERPETRATED BY PROFESSIONALS AND WHICH I BELIEVE DESERVES THE DENUNCIATION OF ALL HONDURANS
DEV-MUC3-0045|WHICH|WHICH BE ATTENDED BY THE THREE PRESIDENTS OF THE STATE BRANCHES.  
DEV-MUC3-0045|WHICH|WHICH HAS BEEN VERY COMMON IN HONDURAS WHERE WE LOOK AND FIND SOLUTIONS ONLY FOR THE PRESENT
DEV-MUC3-0045|WHICH|WHICH IS A VERY COMPLETE DEMOCRACY
DEV-MUC3-0045|WHICH|WHICH WAS NOT AN EVERYDAY OCCURRENCE
DEV-MUC3-0045|MR PRESIDENT|MR PRESIDENT HAVE TO BE ORGANIZED IN THE COUNTRY.     
DEV-MUC3-0045|PRESIDENT|PRESIDENT HAVE TO BE ORGANIZED IN THE COUNTRY.     
DEV-MUC3-0045|CIVIC COMMITTEE|CIVIC COMMITTEE IS ONE THING BUT IT IS QUITE ANOTHER THING TO SUE
DEV-MUC3-0045|DEATH PENALTY|DEATH PENALTY MIGHT BE A WAY TO COPE WITH THE SITUATION
DEV-MUC3-0045|DEATH PENALTY|DEATH PENALTY IS OPPOSED BY A MAJORITY OF THE PEOPLE AND HAS BEEN ABOLISHED IN HONDURAS.  
DEV-MUC3-0451|AFP|AFP WAS ABLE TO VERIFY.     
DEV-MUC3-0455|VALENCIA MARTINEZ|VALENCIA MARTINEZ IS APPARENTLY LINKED TO FARMING ACTIVITIES AND THE EMERALD BUSINESS.     
DEV-MUC3-0461|ELECTRICAL EQUIPMENT|ELECTRICAL EQUIPMENT WAS SEVERELY DAMAGED.  
DEV-MUC3-0462|FORMER MEDELLIN MAYOR PABLO PELAEZ GONZALEZ|FORMER MEDELLIN MAYOR PABLO PELAEZ GONZALEZ WAS SHOT TO DEATH BY UNIDENTIFIED INDIVIDUALS WHILE TRAVELING BETWEEN HIS HOME AND OFFICE TODAY.     
DEV-MUC3-0463|PELAEZ GONZALEZ|PELAEZ GONZALEZ WAS INTERCEPTED BY SEVERAL UNIDENTIFIED INDIVIDUALS
DEV-MUC3-0465|NATIONAL TELEVISION|NATIONAL TELEVISION WAS DUE TO BROADCAST
DEV-MUC3-0468|DYNAMITE ATTACKS WHICH|DYNAMITE ATTACKS WHICH WERE UNLEASHED STARTING IN MID-JULY AND WHICH HAS SHOCKED THE GUATEMALANS.  
DEV-MUC3-0480|PERQUIN CIVILIANS|PERQUIN CIVILIANS HAVE BEEN CASUALTIES.     
DEV-MUC3-0482|OIL PIPELINE|OIL PIPELINE WAS DESTROYED AND MUCH ELN PROPAGANDA WAS STREWN
DEV-MUC3-0485|GOVERNMENT|GOVERNMENT IS NOT RESPONSIBLE
DEV-MUC3-0489|CARLOS LEHDER|CARLOS LEHDER IS DISTINGUISHED FOR HIS AUDACITY AND A RESTLESS DISPOSITION.  
DEV-MUC3-0491|U.S. EMBASSY|U.S. EMBASSY WAS ATTACKED IN A SIMILAR MANNER.  
DEV-MUC3-0491|EMBASSY|EMBASSY WAS ATTACKED IN A SIMILAR MANNER.  
DEV-MUC3-0492|BATTLE|BATTLE BE HARD AND LONG.     
DEV-MUC3-0492|BATTLE|BATTLE BEING URGED TO
DEV-MUC3-0497|WHICH|WHICH IS SO VITAL FOR EL SALVADOR AND FOR CENTRAL AMERICA.  
DEV-MUC3-0497|GOVERNMENT|GOVERNMENT HAS BEEN ON THE DEFENSIVE FROM THE BEGINNING
DEV-MUC3-0497|RECENT PEACE INITIATIVE|RECENT PEACE INITIATIVE WAS A STRONG BLOW TO THE RULING ULTRA-RIGHTIST SECTOR.  
DEV-MUC3-0505|ARMED FORCES|ARMED FORCES WOULD BE WILLING TO STUDY A REDUCTION IN FORCES
DEV-MUC3-0505|AGREEMENT|AGREEMENT IS REACHED WITH THE LEFTIST REBELS OF THE FARABUNDO MARTI NATIONAL LIBERATION FRONT.  
DEV-MUC3-0505|AGREEMENT|AGREEMENT IS REACHED BETWEEN THE GOVERNMENT AND REBEL COMMISSIONS
DEV-MUC3-0507|CAPT SISNIEGA CORDERO|CAPT SISNIEGA CORDERO WAS GIVEN DIPLOMATIC STATUS AND SENT TO VENEZUELA.     
DEV-MUC3-0509|SECURITY GUARD|SECURITY GUARD WAS SERIOUSLY INJURED THE OFFICIAL REPORT FROM THE BOGOTA
DEV-MUC3-0510|OFFICE|OFFICE WAS NOT SERIOUSLY DAMAGED
DEV-MUC3-0515|AIRCRAFT|AIRCRAFT IS NOW IN CUSTODY OF THE ECUADORAN ARMED FORCES
DEV-MUC3-0517|PRESIDENT CRISTIANI|PRESIDENT CRISTIANI IS THE GENERAL COMMANDER OF THE ARMED FORCES.  
DEV-MUC3-0518|GUATEMALAN FOREIGN MINISTER MARIO PALENCIA|GUATEMALAN FOREIGN MINISTER MARIO PALENCIA WAS ASKED TODAY
DEV-MUC3-0518|FOREIGN MINISTER MARIO PALENCIA|FOREIGN MINISTER MARIO PALENCIA WAS ASKED TODAY
DEV-MUC3-0519|GOVERNMENT|GOVERNMENT IS NOT ASHAMED TO EXHIBIT
DEV-MUC3-0519|PEOPLE|PEOPLE WERE CAPTURED IN THE LAST MONTH
DEV-MUC3-0521|RODRIGUEZ GACHA|RODRIGUEZ GACHA IS SURROUNDED AND WILL BE IMMINENTLY CAPTURED.     
DEV-MUC3-0525|COLOMBIA|COLOMBIA IS NO LONGER SEEN AS A COUNTRY OF DRUG TRAFFICKERS
DEV-MUC3-0525|MUCH INTERNATIONAL SUPPORT|MUCH INTERNATIONAL SUPPORT HAS BEEN MOBILIZED.  
DEV-MUC3-0527|RULING|RULING WAS ISSUED ON THE NIGHT OF 25 SEPTEMBER AND REVEALED ON 26 SEPTEMBER.     
DEV-MUC3-0530|PEOPLE|PEOPLE SHOULD BE MURDERED TO GET THE ATTENTION OF THE WORLD
DEV-MUC3-0531|PEOPLE|PEOPLE HAVE BEEN IN THE FOREFRONT OF THE STRUGGLE AGAINST THE FASCIST REGIME
DEV-MUC3-0531|STRUGGLE|STRUGGLE IS TWICE AS ADMIRABLE
DEV-MUC3-0533|IT HAD|IT HAD BEEN A VERY TOUGH WEEK.  
DEV-MUC3-0533|WHAT|WHAT IS THE TRUTH OVER THE SIGNING OF THE DECREES?  
DEV-MUC3-0533|WHAT|WHAT IS YOUR FINAL FEELING UPON LEAVING THE MINISTRY?     
DEV-MUC3-0534|GOVERNMENT|GOVERNMENT IS DRAFTING A DOCUMENT ON THE CEASE-FIRE
DEV-MUC3-0536|DRUG TRAFFICKING|DRUG TRAFFICKING IS GREATER THAN THAT OF THE INTERNATIONAL OIL TRADE AND IS ONLY SURPASSED BY ARMS TRAFFICKING.  
DEV-MUC3-0538|SOVEREIGNTY|SOVEREIGNTY IS THE MOST IMPORTANT
DEV-MUC3-0542|THAT MSGR JESUS EMILIO JARAMILLO|THAT MSGR JESUS EMILIO JARAMILLO WAS MURDERED AND THAT HIS BODY WAS FOUND TODAY
DEV-MUC3-0545|MOST FERTILE PERUVIAN LAND|MOST FERTILE PERUVIAN LAND IS DEDICATED TO COCA FARMING
DEV-MUC3-0547|PRESIDENT ARIAS|"PRESIDENT ARIAS IS CURRENTLY IN CALIFORNIA.   
"
DEV-MUC3-0547|EMBASSY TAKEOVER|"EMBASSY TAKEOVER WAS INTENDED TO ""REPORT THE REPRESSION BY ALFREDO CRISTIANI'S RIGHTIST GOVERNMENT"
DEV-MUC3-0554|WHAT INTERESTS ME|"WHAT INTERESTS ME IS MY COUNTRY MY PEOPLE.""     "
DEV-MUC3-0554|POLITICAL COSTS|POLITICAL COSTS WILL BE .  
DEV-MUC3-0555|PLAN|PLAN WOULD BE IMPLEMENTED WITHIN 3 MONTHS
DEV-MUC3-0555|WHICH|"WHICH WAS PROPOSED TO THE COUNTRY ON 1 SEPTEMBER 1988 ""WITHOUT HESITATION.""     "
DEV-MUC3-0557|POLICE|POLICE HAVE BEEN CONFINED TO BARRACKS THROUGHOUT THE COUNTRY SINCE LAST NIGHT
DEV-MUC3-0559|FOREIGN MINISTERS|FOREIGN MINISTERS WERE ABSENT BECAUSE THEY WILL GO DIRECTLY TO ICA WITH THEIR RESPECTIVE PRESIDENTS.     
DEV-MUC3-0567|AYLWIN|AYLWIN IS A CONSENSUS CANDIDATE.  
DEV-MUC3-0568|WHICH|WHICH WERE PREPARED BY THE FOREIGN MINISTRIES OF THE TWO COUNTRIES
DEV-MUC3-0568|TRUJILLO|TRUJILLO WAS SHAKEN AT 0400
DEV-MUC3-0569|WHICH|WHICH IS OFFERING OPPORTUNITIES WHICH MUST BE TAKEN INTO ACCOUNT
DEV-MUC3-0569|WHICH|WHICH MUST BE COORDINATED TO BE ABLE TO SUCCESSFULLY
DEV-MUC3-0057|AYACUCHO|AYACUCHO IS THE BASE OF THE MILITARY COMMAND THAT CONTROLS HUANCAVELICA AND APURIMAC DEPARTMENTS
DEV-MUC3-0571|PASSAGE OMITTED|PASSAGE OMITTED IS THE PARDON FOR MILITARY OFFICERS AND TERRORISTS IN ARGENTINA DAMAGING
DEV-MUC3-0572|COUNTRY|COUNTRY IS ABLE TO PAY THE DEBT IN CONTRACTED
DEV-MUC3-0572|COUNTRY|COUNTRY BE EXPELLED.  
DEV-MUC3-0572|DEBT|DEBT IS NOT WORTH ITS FACE VALUE AND THAT IT MUST BE REDUCED
DEV-MUC3-0572|BRADY PLAN|BRADY PLAN WAS ANNOUNCED IN SEPTEMBER 1985 TO PREVENT THE DISSEMINATION OF THE PERUVIAN ATTITUDE OF UNILATERALLY REDUCING ITS DEBT PAYMENTS
DEV-MUC3-0573|NORBERTO RODRIGUEZ|"NORBERTO RODRIGUEZ IS THE BROTHER OF BLANCA DE PEREZ WIFE OF VENEZUELAN PRESIDENT CARLOS ANDRES PEREZ.   
"
DEV-MUC3-0574|ECUADOR|ECUADOR IS NOT A DRUG-PRODUCING COUNTRY
DEV-MUC3-0575|BENDECK OLIVELLA|BENDECK OLIVELLA IS THE SECOND NEWSMAN
DEV-MUC3-0575|BENDECK OLIVELLA HAD|BENDECK OLIVELLA HAD BEEN PRESS ASSISTANT TO NICARAGUAN DICTATOR ANASTASIO SOMOZA BUT WENT TO COLOMBIA AFTER THE TRIUMPH OF THE SANDINIST REVOLUTION.     
DEV-MUC3-0577|DELGADO PARKER|DELGADO PARKER WAS AN ADVISER TO PERUVIAN PRESIDENT ALAN GARCIA AND IS THE GODFATHER OF ONE OF HIS DAUGHTERS.     
DEV-MUC3-0579|FIRST ROUND|FIRST ROUND WAS OVER JOAQUIN VILLALOBOS ONE OF THE LEADERS OF THE FMLN DELEGATION
DEV-MUC3-0579|FMLN|FMLN BE GIVEN ALL THE REQUIRED FACILITIES
DEV-MUC3-0058|CAYARA|CAYARA IS A TOWN IN AYACUCHO DEPARTMENT IN SOUTHERN PERU.  
DEV-MUC3-0058|MASSACRE|MASSACRE WAS IN REPRISAL FOR LAST FRIDAY'S AMBUSH
DEV-MUC3-0581|FMLN|FMLN IS IN THE HABIT OF PERPETRATING
DEV-MUC3-0583|MEETING|MEETING WERE RESUMED IN MEXICO CITY IN SEPTEMBER
DEV-MUC3-0586|BOLIVAR SQUARE|BOLIVAR SQUARE WAS POORLY PATROLLED.  
DEV-MUC3-0587|MEXICO ACCORD|MEXICO ACCORD WAS  PARTICULARLY
DEV-MUC3-0589|FMLN|FMLN IS A REALITY
DEV-MUC3-0059|PEOPLE|PEOPLE WERE SERIOUSLY WOUNDED AS A RESULT OF A SHINING PATH ATTACK
DEV-MUC3-0590|DIALOGUE PROCESS|DIALOGUE PROCESS WAS NOT BROKEN IN SAN JOSE COSTA RICA AND THAT THIS PROCESS WILL CONTINUE NEXT MONTH IN CARACAS VENEZUELA
DEV-MUC3-0592|HIS NAME|HIS NAME IS JOSE RAMIREZ AGED 24 AND HE IS FROM ARMENIA
DEV-MUC3-0594|BRITAIN|BRITAIN IS ONE OF THE 12 MEMBERS OF THE EUROPEAN COMMUNITY.     
DEV-MUC3-0597|WHO|WHO WERE ON THE AIRPLANE
DEV-MUC3-0603|DIALOGUE|DIALOGUE IS IMPOSSIBLE AT LEAST IN THE NEAR FUTURE
DEV-MUC3-0604|EXTRADITION TREATY|EXTRADITION TREATY IS STILL IN EFFECT WITH THAT COUNTRY
DEV-MUC3-0609|UNITED STATES|UNITED STATES IS NOT WILLING
DEV-MUC3-0061|EVIDENCE|EVIDENCE MUST BE SUBMITTED TO THE CORRESPONDING JUDGE
DEV-MUC3-0612|NICARAGUAN PRESIDENT|NICARAGUAN PRESIDENT WERE TO SUSPEND THE UNILATERAL CEASE-FIRE DECREED ON 21 MARCH 1988
DEV-MUC3-0619|U.S. CITIZEN BRANDA HOOVARIT|U.S. CITIZEN BRANDA HOOVARIT WERE INJURED.  
DEV-MUC3-0062|DR ANTONIO REGALADO|DR ANTONIO REGALADO WAS THE PERPETRATOR.     
DEV-MUC3-0621|ATTACK|ATTACK IS TO PAPER OVER YESTERDAY'S FOILED ATTACK
DEV-MUC3-0623|ATTACK|ATTACK IS THE SECOND ATTACK PERPETRATED AGAINST OPPOSITION
DEV-MUC3-0063|STATE|STATE WILL BE IN EFFECT UNTIL FURTHER NOTICE
DEV-MUC3-0631|MARIELA ESPINOZA VILLEGAS|MARIELA ESPINOZA VILLEGAS WAS ASSASSINATED THIS EVENING IN MEDELLIN.  
DEV-MUC3-0632|INTERNAL ORDER|INTERNAL ORDER WAS THE RESPONSIBILITY OF THE NATIONAL POLICE.     
DEV-MUC3-0632|WHICH|WHICH IS CONSIDERED TO BE THREATENED BY TERRORISM
DEV-MUC3-0633|PEOPLE|PEOPLE WERE IN THE VEHICLE?     
DEV-MUC3-0633|PEOPLE|PEOPLE WERE IN THE VEHICLE FROM WHERE THE ROCKETS WHERE FIRED?     
DEV-MUC3-0638|GOVERNMENT|GOVERNMENT IS DETERMINED TO CONTINUE THE DIALOGUE
DEV-MUC3-0064|ARGENTINE GOVERNMENT|ARGENTINE GOVERNMENT IS CONFRONTING EXTREMIST ACTIONS
DEV-MUC3-0640|CRISTIANI GOVERNMENT|CRISTIANI GOVERNMENT IS TO DIVERT AWAY FROM EMILIO
DEV-MUC3-0643|WHICH|WHICH BEEN IN EFFECT SINCE MAY 1988
DEV-MUC3-0645|CASTILLO GARCIA|CASTILLO GARCIA WAS RUSHED TO THE HOSPITAL
DEV-MUC3-0646|THAT|THAT IS A COVER FOR POLITICAL REPRESSION
DEV-MUC3-0646|CAMPAIGN|CAMPAIGN IS SIMILAR TO THE ONE UNLEASHED BETWEEN 1964 AND 1970.  
DEV-MUC3-0646|CAMPAIGN|CAMPAIGN WILL BE AN ATTACK ON A HIGH-RANKING ARMY OFFICER WHO HAS BEEN CRITICIZED FOR HIS INVOLVEMENT IN HUMAN-RIGHTS VIOLATIONS
DEV-MUC3-0646|STATEMENT|STATEMENT WAS LATER FLATLY
DEV-MUC3-0652|MR PRESIDENT|MR PRESIDENT IS YOUR OPINION OF CARLOS FLORES' SPEECH IN
DEV-MUC3-0654|JUDICIAL BRANCH|JUDICIAL BRANCH IS UPSET BECAUSE OF TERRORIST
DEV-MUC3-0654|STRIKE|STRIKE IS ILLEGAL.  
DEV-MUC3-0654|STRIKE|STRIKE IS TO DEMAND THE ADOPTION OF SECURITY MEASURES.     
DEV-MUC3-0654|STRIKE|STRIKE IS ILLEGAL BECAUSE ITS EMPLOYEES PROVIDE A PUBLIC SERVICE
DEV-MUC3-0654|STRIKE|"STRIKE IS INDEFINITE AND WILL CONTINUE UNTIL ""THE GOVERNMENT SATISFIES OUR NEEDS"
DEV-MUC3-0654|STRIKE|"STRIKE IS ""TOTALLY ILLEGAL"
DEV-MUC3-0655|U.S. PRESIDENT GEORGE BUSH|U.S. PRESIDENT GEORGE BUSH IS CONCERNED THAT THE IMAGE OF THE PERSON TO WHOM
DEV-MUC3-0658|SERVICE|SERVICE IS NORMAL.  
DEV-MUC3-0658|PEOPLE|PEOPLE WILL BE LEFT WITHOUT TRANSPORTATION.     
DEV-MUC3-0658|BUSES|BUSES BEING DRIVEN BY THEIR OWNERS.     
DEV-MUC3-0658|BUSES|BUSES WILL BE CONFISCATED AND DRIVEN BY NATIONAL GENDARMERIE PERSONNEL.     
DEV-MUC3-0659|THAT|THAT WILL BE COMPOSED OF REPRESENTATIVES FROM THE UNITED NATIONS
DEV-MUC3-0659|THAT|THAT IS LEGAL AND THAT FENASTRAS HAS THE MORAL DUTY
DEV-MUC3-0659|THAT|THAT IS TO CLARIFY THIS BARBARIC ACTION
DEV-MUC3-0661|HIS FACE|HIS FACE WAS DISFIGURED BY THREE SHOTS AND HIS HANDS WERE TIED.     
DEV-MUC3-0662|WHAT|WHAT WAS THE CREATION OF MANY SUCH FRONTS.  
DEV-MUC3-0670|PRESIDENTIAL RESIDENCE|PRESIDENTIAL RESIDENCE IS THE TARGET
DEV-MUC3-0670|CENTRAL ELECTORAL COUNCIL|CENTRAL ELECTORAL COUNCIL WAS NOT ATTACKED
DEV-MUC3-0672|CIVIL DEFENSE SECTOR|CIVIL DEFENSE SECTOR IS UNDER ATTACK
DEV-MUC3-0675|WHICH|WHICH IS INTERRUPTED TO BROADCAST REPORTS ON THE MILITARY SITUATION
DEV-MUC3-0678|RIFLE FIRE|RIFLE FIRE BE HEARD.  
DEV-MUC3-0679|GENERAL ARCE NEIGHBORHOOD|GENERAL ARCE NEIGHBORHOOD WAS ALSO A TARGET OF A COWARDLY ATTACK FROM THE CATHOLIC UNIVERSITY AREA.  
DEV-MUC3-0687|WHICH|WHICH IS NOT A MILITARY ACTION KNOWING THAT A PEACE PROCESS IS UNDERWAY.  
DEV-MUC3-0687|ARMED FORCES|ARMED FORCES HAVE BEEN ABLE TO DO
DEV-MUC3-0069|PRECAUTIONARY MEASURES|PRECAUTIONARY MEASURES BEEN TAKEN?     
DEV-MUC3-0069|PRECAUTIONARY MEASURES|PRECAUTIONARY MEASURES HAVE BEEN TAKEN.  
DEV-MUC3-0069|REPORTER|REPORTER IS EVERY MINISTRY WORKING TO THIS EFFECT?     
DEV-MUC3-0690|ARMED FORCES|ARMED FORCES IS ACTING QUICKLY AND IS CLEANING UP THE AREAS
DEV-MUC3-0691|NEDINA ELKACHES|NEDINA ELKACHES WAS WOUNDED NEAR THE PRESIDENTIAL RESIDENCE
DEV-MUC3-0692|WHAT|WHAT IS THAT?  
DEV-MUC3-0692|WHAT|WHAT IS THAT?  
DEV-MUC3-0692|FSLN|FSLN IS  IN THE FIFTH
DEV-MUC3-0704|FMLN|FMLN IS OR IS NOT TRYING TO DO
DEV-MUC3-0704|THAT|THAT IS WHAT THE SALVADORAN PEOPLE WANTED
DEV-MUC3-0704|THAT|THAT IS WHAT THEY DEMANDED ON 19 MARCH ELECTION DAY.     
DEV-MUC3-0705|CURFEW|CURFEW WILL BE IN EFFECT BASED ON THE FOLLOWING SCHEDULE
DEV-MUC3-0071|MARTI NATIONAL LIBERATION FRONT|MARTI NATIONAL LIBERATION FRONT IS OPPOSED TO THE PRESIDENTIAL ELECTIONS AND HAS ASKED THE PEOPLE NOT TO VOTE
DEV-MUC3-0710|FIGHTING|FIGHTING WAS REPORTED AT 0646 IN ZACATECOLUCA LA PAZ DEPARTMENT.  
DEV-MUC3-0710|FIGHTING|FIGHTING IS HEAVY.  
DEV-MUC3-0711|1ST INFANTRY BRIGADE|1ST INFANTRY BRIGADE WAS ATTACKED FROM THE CAMPUS
DEV-MUC3-0712|AIR FORCE|AIR FORCE IS BOMBING POOR NEIGHBORHOODS IN THE CAPITAL.  
DEV-MUC3-0716|TELEVISION NEWSMAN EPIGMENIO IBARRA|TELEVISION NEWSMAN EPIGMENIO IBARRA WAS TOTALLY DESTROYED BY A POWERFUL BOMB TODAY BUT IBARRA WAS NOT HURT.       
DEV-MUC3-0718|AIR FORCE|AIR FORCE IS INDISCRIMINATELY BOMBING AND STRAFING THE CIVILIAN POPULATION.  
DEV-MUC3-0072|MY CONSCIENCE|MY CONSCIENCE IS CLEAR.  
DEV-MUC3-0722|FMLN|FMLN IS BROADCASTING FALSE REPORTS SUCH AS THE FOLLOWING.  
DEV-MUC3-0723|CIVILIAN POPULATION|CIVILIAN POPULATION IS REQUIRED TO COOPERATE WITH THE ARMED FORCES AND THE VARIOUS SECURITY CORPS
DEV-MUC3-0726|PEOPLE|PEOPLE HAVE BEEN TUNED INTO THIS NATIONAL NETWORK.  
DEV-MUC3-0726|WHO|WHO IS CURRENTLY IN MEXICO
DEV-MUC3-0726|WHO|WHO WERE INSIDE THE NATIONAL UNIVERSITY.     
DEV-MUC3-0738|AIR FORCE|AIR FORCE IS BOMBING HEAVILY DENSELY POPULATED AREAS IN THE SECTOR OF CIUDAD DELGADO.  
DEV-MUC3-0074|MARCH ELECTION|MARCH ELECTION BEING ORGANIZED BY THE PDC AND ARENA
DEV-MUC3-0074|NATIONALIST REPUBLICAN ALLIANCE|NATIONALIST REPUBLICAN ALLIANCE IS PART OF THE MILITARY COUNTERINSURGENCY PLAN
DEV-MUC3-0741|NATIONAL POLICE POSITION|NATIONAL POLICE POSITION WAS ATTACKED BETWEEN 1310 AND 1350 [1910 AND 1950 GMT].  
DEV-MUC3-0741|POSITION|POSITION WAS ATTACKED BETWEEN 1310 AND 1350 [1910 AND 1950 GMT].  
DEV-MUC3-0744|FIRST ONES|FIRST ONES WERE THE UNITED STATES.  
DEV-MUC3-0749|FMLN|FMLN IS ALREADY A DESPERATE BEAST
DEV-MUC3-0075|LEFTIST GROUP|LEFTIST GROUP WAS RESPONSIBLE BOTH FOR THE BOMB
DEV-MUC3-0750|WHICH|WHICH IS EUPHORIC AND THINKS THAT THE WORLD IS AT ITS FEET
DEV-MUC3-0750|WHICH|WHICH IS TERRIBLE.     
DEV-MUC3-0752|CUSCATANCINGO NATIONAL POLICE GARRISON|CUSCATANCINGO NATIONAL POLICE GARRISON IS UNDER SIEGE.  
DEV-MUC3-0752|SORIANO BATTALION|SORIANO BATTALION HAS BEEN ATTACKED NEAR THE ARENA
DEV-MUC3-0756|CUSCATANCINGO NATIONAL POLICE GARRISON|CUSCATANCINGO NATIONAL POLICE GARRISON IS UNDER SIEGE.  
DEV-MUC3-0756|SORIANO BATTALION|SORIANO BATTALION HAS BEEN ATTACKED NEAR THE ARENA
DEV-MUC3-0764|BUEN SAMARITANO SCHOOL|BUEN SAMARITANO SCHOOL IS READY TO ACCEPT SANTA MARTA RESIDENTS AND SAN ROQUE PARRISH WE CORRECT OURSELVES
DEV-MUC3-0767|SALVADORAN AIR FORCE|SALVADORAN AIR FORCE IS INDISCRIMINATELY BOMBING THE CIVILIAN POPULATION
DEV-MUC3-0768|THAT|THAT ARE BEING STUDIED AND SHELL CASINGS FROM AK-47 AND M-16 RIFLES.  
DEV-MUC3-0768|THAT|THAT WERE DETERMINED TO GET TO THE BOTTOM OF
DEV-MUC3-0768|THAT|THAT IS HOW A SERIOUS INVESTIGATION SHOULD BE CONDUCTED
DEV-MUC3-0768|THAT|THAT HAVE NOT BEEN CORROBORATED.  
DEV-MUC3-0077|NORMAL ECHEVARRIA|NORMAL ECHEVARRIA IS PERFECTLY ALL
DEV-MUC3-0775|WILLIAM WALKER|WILLIAM WALKER IS RE-EDITING -- IN THE FORM OF A CARICATURE
DEV-MUC3-0777|WHICH|WHICH IS ALSO A REFLECTION OF THE TYPE OF COMBAT THAT THE SALVADORAN FORCES ARE FIGHTING.  
DEV-MUC3-0780|ARMED FORCES|ARMED FORCES HAVE BEEN UNABLE TO STOP THE FMLN
DEV-MUC3-0782|THAT|THAT IS WILLING TO BE
DEV-MUC3-0782|THAT|THAT IS APPARENTLY NOT
DEV-MUC3-0786|SALVADORAN CRIME INVESTIGATION COMMISSION|SALVADORAN CRIME INVESTIGATION COMMISSION WILL BE ADVISED BY EXPERTS
DEV-MUC3-0787|WHO|WHO WERE MEMBERS OF A NATIONAL CONSCIENCE
DEV-MUC3-0790|WHO|WHO HAVE BEEN DISPLACED FROM THEIR HOMES BY THE TERRORIST CRIMINALS
DEV-MUC3-0800|UNGO|UNGO IS VICE PRESIDENT OF THAT ORGANIZATION.     
DEV-MUC3-0801|CRISTIANI|CRISTIANI WAS VERY CORDIAL AND ABSOLUTELY
DEV-MUC3-0801|INVESTIGATION|INVESTIGATION WILL BE RAPID SERIOUS AND IN-DEPTH
DEV-MUC3-0804|PRESIDENT CRISTIANI|"PRESIDENT CRISTIANI IS ""A LUCID INTELLIGENT AND WELL-INTENDED PERSON"
DEV-MUC3-0806|ARMY|ARMY IS CONSTANTLY PATROLLING THE AREA
DEV-MUC3-0810|COMMANDER ROBERTO ROCA|COMMANDER ROBERTO ROCA WERE NOT LONG IN COMING.  
DEV-MUC3-0812|REGIME|REGIME IS ALREADY UNDER DISCUSSION.  
DEV-MUC3-0813|SALVADORAN AIR FORCE HELICOPTER|SALVADORAN AIR FORCE HELICOPTER WAS DOWNED IN SAN SALVADOR AT 1600 TODAY.  
DEV-MUC3-0814|GOVERNMENT|GOVERNMENT IS A GOVERNMENT
DEV-MUC3-0815|PEOPLE|PEOPLE BEEN MURDERED.  
DEV-MUC3-0817|SPANISH DEPUTY FOREIGN MINISTER INOCENCIO ARIAS|SPANISH DEPUTY FOREIGN MINISTER INOCENCIO ARIAS WAS ON BOARD THE PLANE.     
DEV-MUC3-0818|SITUATION|SITUATION IS ALSO UNDER CONTROL EXCEPT FOR A FEW TERRORIST GROUPS CURRENTLY BEING EXPELLED FROM THE CITY OF SAN MIGUEL.     
DEV-MUC3-0822|CAPITAL|CAPITAL IS SLOWLY RETURNING TO NORMAL.  
DEV-MUC3-0822|WHICH|WHICH HAS BEEN THE SCENE OF FIERCE FIGHTING BETWEEN THE SALVADORAN ARMY AND GUERRILLAS OVER THE PAST WEEK
DEV-MUC3-0823|PRIESTS|PRIESTS WERE ALSO LATER SHOT IN A GARDEN NEARBY.  
DEV-MUC3-0823|PRIESTS|PRIESTS WERE ALSO SHOT IN THE HEAD WITH A LONG-RANGE WEAPON
DEV-MUC3-0823|CRIME|CRIME WAS COMMITTED.  
DEV-MUC3-0824|WHO|WHO WERE TAKEN FROM THEIR HOMES AND KILLED ON THE SAME BLACK NIGHT WHEN THE JESUIT PRIESTS WERE KILLED
DEV-MUC3-0083|ESSENTIAL FACT|ESSENTIAL FACT IS THAT THIS ARREST [OF VICTOR POLAY CAMPOS
DEV-MUC3-0831|HOSTAGES|HOSTAGES HAVE BEEN TAKEN.  
DEV-MUC3-0831|FMLN|FMLN IS HOLDING FOREIGNERS HOSTAGE.  
DEV-MUC3-0832|GENERAL BAENA SOARES|GENERAL BAENA SOARES IS STAYING SHORTLY BEFORE 0830 [1430 GMT].  
DEV-MUC3-0833|EPIGMENIO IBARRA|EPIGMENIO IBARRA HAS BEEN THE VICTIM OF FREQUENT SALVADORAN ARMED FORCES ATTACKS.     
DEV-MUC3-0836|HOSTAGES|HOSTAGES HAVE BEEN TAKEN TO A SAFE PLACE
DEV-MUC3-0841|REFUGEE CENTER|REFUGEE CENTER WAS EVACUATED TODAY
DEV-MUC3-0085|LANDING STRIP|LANDING STRIP WAS SUBJECTED TO CONTINUOUS SURVEILLANCE.  
DEV-MUC3-0851|FMLN|FMLN HAS BEEN ABLE TO CARRY OUT THIS OPERATION
DEV-MUC3-0851|CONFLICT THAT|CONFLICT THAT IS MAINLY SOCIAL IN NATURE A CONFLICT THAT IS ROOTED IN SOCIAL INJUSTICE.  
DEV-MUC3-0851|SALVADORAN WAR|SALVADORAN WAR IS NOT A WAR BETWEEN TWO ARMIES
DEV-MUC3-0853|FMLN OFFENSIVE|FMLN OFFENSIVE WAS NOT PREPARED IN THE LAST FEW DAYS
DEV-MUC3-0856|PROPOSAL|PROPOSAL HAS BEEN ADDRESSED TO THE GOVERNMENT
DEV-MUC3-0857|PONCE|PONCE WAS BESIDE HIM.  
DEV-MUC3-0859|FMLN|FMLN IS THE ONE WHICH HAS OPTED FOR A MILITARY SOLUTION.  
DEV-MUC3-0859|FMLN|FMLN IS THE ONLY ONE TRYING TO SEIZE POWER WITH ITS WEAPONS.  
DEV-MUC3-0860|CONSTITUTION|CONSTITUTION IS WORTH NOTHING.     
DEV-MUC3-0860|WHAT|WHAT IS THE ANSWER?  
DEV-MUC3-0860|WHAT|WHAT IS AT STAKE HERE?  
DEV-MUC3-0860|WHAT|WHAT IS THIS?  
DEV-MUC3-0862|SERIOUS POLITICAL SITUATION|SERIOUS POLITICAL SITUATION IS A CAUSE FOR GREAT CONCERN FOR LATIN AMERICA
DEV-MUC3-0865|MAIN WITNESS|"MAIN WITNESS IS ""SAFE AND SOUND"" ABROAD POSSIBLY IN THE UNITED STATES"
DEV-MUC3-0868|GUERRILLAS|GUERRILLAS WERE ENGAGED IN A TACTICAL-TYPE DIALOGUE BY ATTENDING THE MEETINGS WITH THE GOVERNMENT WHILE PREPARING FOR THE OFFENSIVE
DEV-MUC3-0870|PLANE|PLANE WAS BEING FLOWN BY SANDINISTS.  
DEV-MUC3-0870|PLANE|PLANE WAS TO HAVE LANDED
DEV-MUC3-0871|FMLN|FMLN IS PLANNING TO ATTACK U.S. CITIZENS [7-SECOND BREAK IN RECEPTION
DEV-MUC3-0872|HAD|HAD BEEN PLANNED SEVERAL MONTHS BACK.  
DEV-MUC3-0873|JUSTINIANO SAGASTUME RODRIGUEZ|JUSTINIANO SAGASTUME RODRIGUEZ WAS THE REPRESENTATIVE OF THE PINU-SD [SOCIAL DEMOCRATIC INNOVATION AND UNITY PARTY
DEV-MUC3-0874|NICARAGUAN PEOPLE|NICARAGUAN PEOPLE IS ONLY AGAINST
DEV-MUC3-0874|ARMED FORCES|ARMED FORCES WILL BE READY TO REPEL ANY ATTACK OR ANY IRRATIONAL ACTION
DEV-MUC3-0876|WHICH|WHICH WAS DECREED BY THE INTERSECTORIAL CONFEDERATION OF PUBLIC EMPLOYEES CITE
DEV-MUC3-0877|WHO HAD|WHO HAD BEEN DEAN OF THE CATHOLIC UNIVERSITY
DEV-MUC3-0877|GOVERNMENT|GOVERNMENT WAS BOMBING NEIGHBORHOODS AND CITIES IN EL SALVADOR
DEV-MUC3-0878|CRISTIANI GOVERNMENT|CRISTIANI GOVERNMENT HAS BEEN UNMASKED AS A FASCIST DICTATORSHIP
DEV-MUC3-0879|OUR RANKS|OUR RANKS WERE CONSIDERABLY INCREASED
DEV-MUC3-0881|PLANE|"PLANE IS COMPLETELY DESTROYED NO SURVIVORS ONLY BURNT AND MANGLED CORPSES.""   
"
DEV-MUC3-0883|RADIO MINERIA|RADIO MINERIA WERE SUBSTANTIALLY DAMAGED DURING THE BOMB ATTACK
DEV-MUC3-0883|BOMB|BOMB WAS PLACED IN THE OFFICE OF POLITICAL COMMENTATOR GERMAN GAMONAL
DEV-MUC3-0884|PLANE|PLANE WAS ON A FLIGHT FROM BOGOTA
DEV-MUC3-0884|PLANE|PLANE WERE GOVERNMENT AND PRIVATE BUSINESSMEN
DEV-MUC3-0885|QUIROS GARCIA|QUIROS GARCIA IS HERE NEXT TO ME.  
DEV-MUC3-0885|MAURICIO QUIROS GARCIA|MAURICIO QUIROS GARCIA IS HERE NEXT TO ME.  
DEV-MUC3-0885|CABRERA|CABRERA WERE YOU EVER INVOLVED WITH THE FMLN [FARABUNDO MARTI NATIONAL LIBERATION FRONT
DEV-MUC3-0885|ALLEGED NICARAGUAN PILOT|ALLEGED NICARAGUAN PILOT IS ALIVE AND WELL IN MANAGUA TALKING WITH US.  
DEV-MUC3-0885|REPORT|REPORT IS TOTALLY FALSE
DEV-MUC3-0885|REPORT|REPORT IS TOTALLY FALSE.  
DEV-MUC3-0886|SALVADORAN GOVERNMENT|SALVADORAN GOVERNMENT IS NOT RESPECTING HUMAN RIGHTS IN EL SALVADOR
DEV-MUC3-0887|EL SALVADOR|EL SALVADOR IS BASED ON THE ULTRARIGTHWING FORCES [WORDS INDISTINCT].  
DEV-MUC3-0888|WHICH|WHICH IS COMMONLY REFERRED TO
DEV-MUC3-0888|WHICH|WHICH IS TIRED OF A  LONG-STANDING CONFLICT
DEV-MUC3-0895|FMLN|FMLN IS A PUPPET OF DANIEL ORTEGA'S DEADLY
DEV-MUC3-0896|ARMED FORCES|ARMED FORCES HAVE BEEN ABLE TO LOCATE A LOT OF WEAPONS AND AMMUNITION.  
DEV-MUC3-0090|WHICH|WHICH HAS BEEN IN THE HANDS OF SOME 200 PRISONERS
DEV-MUC3-0900|EL SALVADOR THAT|EL SALVADOR THAT IS JEOPARDIZING ITS STAFF.  
DEV-MUC3-0903|CRISTIANI ADMINISTRATION|CRISTIANI ADMINISTRATION IS ALSO UNABLE TO CONTROL THE DEATH SQUADS WHICH ARE MURDERING PEOPLE WITH IMPUNITY.     
DEV-MUC3-0903|CRISTIANI|CRISTIANI WAS UNABLE TO JUSTIFY HIS REFUSAL TO ATTEND THIS SUMMIT.     
DEV-MUC3-0903|CRISTIANI|CRISTIANI IS LARGELY RESPONSIBLE
DEV-MUC3-0907|EL SALVADOR THAT|EL SALVADOR THAT WAS ANNOUNCED YESTERDAY.  
DEV-MUC3-0909|UNDETERMINED NUMBER|UNDETERMINED NUMBER HAVE BEEN REMANDED TO THE COURTS
DEV-MUC3-0912|SPANISH EMBASSY OFFICIAL|SPANISH EMBASSY OFFICIAL IS PRESENTLY MAKING EFFORTS TO VISIT CARLOS DIEZ AND THE OTHER PERSONS ARRESTED IN THE PRESENCE OF SALVADORAN OFFICIALS.     
DEV-MUC3-0919|CREDHO|CREDHO IS AN AFFILIATE OF AN ORGANIZATION
DEV-MUC3-0919|CREDHO|CREDHO IS FINANCED BY A FRONT GROUP CALLED DIACOMIAS WHICH HAS NO LEGAL STATUS
DEV-MUC3-0920|EXTRADITION|EXTRADITION IS NOT PUNISHMENT FOR SOCIETY
DEV-MUC3-0920|EXTRADITION|EXTRADITION IS NOT A GENERAL THREAT AGAINST
DEV-MUC3-0920|WHICH|WHICH WAS THE SUBJECT OF A VERY INTENSE DEBATE LAST NIGHT
DEV-MUC3-0920|WHICH|WHICH IS CONTEMPLATED IN THE CONSTITUTIONAL REFORM THAT IS CURRENTLY IN ITS FINAL STAGES
DEV-MUC3-0921|CARLOS GALAN WHO|CARLOS GALAN WHO WERE MURDERED WHEN EXTRADITION WAS NOT IN EFFECT.  
DEV-MUC3-0921|EXTRADITION|EXTRADITION WAS NOT IN EFFECT
DEV-MUC3-0921|EXTRADITION|EXTRADITION IS VIOLENCE.  
DEV-MUC3-0921|EXTRADITION|EXTRADITION IS UNDIGNIFIED BECAUSE IT SENDS COLOMBIANS
DEV-MUC3-0921|EXTRADITION|EXTRADITION IS ONLY FOR DRUG TRAFFICKERS.  
DEV-MUC3-0921|COLOMBIANS|COLOMBIANS HAVE BEEN MURDERED FOR THE SIMPLE REASON OF NOT AGREEING WITH DRUG TRAFFICKING.  
DEV-MUC3-0921|REFERENDUM|REFERENDUM IS FOR PEOPLE TO EXPRESS THEIR FREE AND SOVEREIGN DECISION
DEV-MUC3-0926|WHICH|WHICH IS SUFFICIENT TO OBTAIN THE MAYORSHIP.     
DEV-MUC3-0926|WHO|WHO WILL BE THE MAYOR OF THE COUNTRY
DEV-MUC3-0926|WHO|WHO WILL BE THE NEW LA PAZ MAYOR
DEV-MUC3-0926|WHO|WHO IS CERTAIN OF THE SUPPORT HE WILL RECEIVE FROM THE ONLY UCS
DEV-MUC3-0928|REPORT|"REPORT HAS NOT BEEN CONFIRMED BY THE GOVERNMENT.     
"
DEV-MUC3-0929|EL SALVADOR|EL SALVADOR BEEN WILLING TO FIND A SOLUTION THROUGH PEACEFUL
DEV-MUC3-0929|INTERESTS COSTA RICA|"INTERESTS COSTA RICA IS TO SERVE AS A ""BRIDGE"" FOR SOLVING THE CONFLICT BETWEEN NICARAGUA AND EL SALVADOR AND"
DEV-MUC3-0093|WHO|WHO WERE MEMBERS OF THE FARC 28TH FRONT
DEV-MUC3-0093|WHO|WHO WERE INVOLVED IN COCAINE TRAFFICKING
DEV-MUC3-0093|WHO|WHO WERE FIGHTING AGAINST THE MEN UP IN ARMS
DEV-MUC3-0930|CLASHES|CLASHES WERE STILL UNDERWAY AT MID-MORNING.     
DEV-MUC3-0932|JARAMILLO URIBE|JARAMILLO URIBE WAS SHOT AT FROM TWO AUTOMOBILES IN THE WESTERN SECTOR OF ANTIOQUIA PROVINCE'S CAPITAL WHEN HE WAS LEAVING HIS OFFICE
DEV-MUC3-0935|SOVIET UNION|SOVIET UNION IS INTERESTED IN THE FIVE COUNTRIES OF THE ISTHMUS
DEV-MUC3-0937|POLITICAL SITUATION|POLITICAL SITUATION IS CALM EXCEPT FOR THE LEFTISTS
DEV-MUC3-0938|CAR BOMB ATTACK|CAR BOMB ATTACK IS THE MOST SERIOUS AND THE BLOODIEST
DEV-MUC3-0939|COCA LEAF PRODUCTION|COCA LEAF PRODUCTION IS WHAT PROVIDES MOST OF THE JOB OPPORTUNTIES IN THIS BUSINESS.  
DEV-MUC3-0940|CHILE|CHILE BEEN WILLING TO GRANT BOLIVIA TRANSPORTATION FACILITIES TO PORTS ON THE PACIFIC COAST.     
DEV-MUC3-0943|THAT|THAT HAVE BEEN ONGOING IN SOYPANGO.  
DEV-MUC3-0943|THAT|THAT WAS DOWNED IN SAN MIGUEL
DEV-MUC3-0946|GENERAL STAFF INSTALLATIONS|GENERAL STAFF INSTALLATIONS WERE ATTACKED WITH 60-MM MORTARS
DEV-MUC3-0949|ECONOMY MINISTER|ECONOMY MINISTER IS ABOUT TO RESIGN OR IS BEING PRESSURED TO RESIGN
DEV-MUC3-0949|WHO|WHO IS A MAN OF ACTION
DEV-MUC3-0953|AS RECEIVED;BUREAU FILES SHOW GONZALEZ|"AS RECEIVED;BUREAU FILES SHOW GONZALEZ IS SECRETARY GENERAL OF THE GUATEMALAN LABOR PARTY A MEMBER OF THE URNG].   
"
DEV-MUC3-0959|JESUIT PRIESTS|JESUIT PRIESTS WERE MURDERED ON THE MORNING OF 16 NOVEMBER.     
DEV-MUC3-0961|WHAT|WHAT WAS LEST I MAKE A MISTAKE.  
DEV-MUC3-0968|HONDURAN FISHING BOAT|HONDURAN FISHING BOAT WAS ATTACKED BY A SANDINIST ARMY HELICOPTER.     
DEV-MUC3-0968|FISHING BOAT|FISHING BOAT WAS ATTACKED BY A SANDINIST ARMY HELICOPTER.     
DEV-MUC3-0969|HIGH COMMAND|HIGH COMMAND BE WILLING TO CONDUCT THE INVESTIGATION?  
DEV-MUC3-0097|OTHER PERSON|OTHER PERSON IS DORA MILAGROS ARGUETA MAROQUIN WHO LIVES IN [WORD INDISTINCT
DEV-MUC3-0097|OTHER PERSON|OTHER PERSON IS SILVIA AYALA WHO LIVES IN [WORDS INDISTINCT
DEV-MUC3-0097|PERSON|PERSON IS DORA MILAGROS ARGUETA MAROQUIN WHO LIVES IN [WORD INDISTINCT
DEV-MUC3-0097|PERSON|PERSON WAS TAKEN TO THE HOSPITAL
DEV-MUC3-0097|PERSON|PERSON IS SILVIA AYALA WHO LIVES IN [WORDS INDISTINCT
DEV-MUC3-0972|UNITED NATIONS|"UNITED NATIONS IS IN A BETTER POSITION TO CARRY OUT THIS WORK.     
"
DEV-MUC3-0972|THAT|THAT IS APPLICABLE IF THE GROUP CEASES TO BE AN IRREGULAR GROUP
DEV-MUC3-0972|THAT|THAT IS VERY RESPECTFUL OF COUNTRIES FROM OUTSIDE THIS AREA
DEV-MUC3-0972|DEMOBILIZATION PROCESS|DEMOBILIZATION PROCESS IS APPLICABLE IF THE GROUP CEASES TO BE AN IRREGULAR GROUP
DEV-MUC3-0973|INTERNATIONAL MOVEMENT THAT|"INTERNATIONAL MOVEMENT THAT IS ONLY CAPABLE OF GENERATING TERRORISM.""  "
DEV-MUC3-0974|NICARAGUAN RESISTANCE|NICARAGUAN RESISTANCE WAS SOMETHING SPECIAL AND THE FMLN [FARABUNDO MARTI NATIONAL LIBERATION FRONT
DEV-MUC3-0974|WHAT|WHAT SHOULD BE OF INTEREST TO US
DEV-MUC3-0975|THAT|THAT IS ADAPTED TO FIT THE CIRCUMSTANCES
DEV-MUC3-0975|THAT|THAT WAS PART OF THE PROPOSAL YOU MADE HERE ON SATURDAY.  
DEV-MUC3-0975|THAT|THAT IS NOT ENOUGH TO MAKE A PUBLIC STATEMENT
DEV-MUC3-0975|THAT|THAT IS THE CENTRAL AMERICAN PRESIDENTS AND MYSELF
DEV-MUC3-0975|THAT|THAT IS WHY WE ARE
DEV-MUC3-0976|GABRIEL JAIME VELEZ|GABRIEL JAIME VELEZ WAS ATTACKED IN ENVIGADO 10 KM FROM MEDELLIN BY AN INDIVIDUAL WHO FIRED 13 SHOTS KILLING
DEV-MUC3-0976|MAJOR COLOMBIAN PORT|MAJOR COLOMBIAN PORT WAS SHOT TO DEATH BY HIRED ASSASSINS
DEV-MUC3-0978|POINT|POINT IS  FIRST OF ALL HE DID NOT CONVINCE ANY OF THE OTHER FOUR PRESIDENTS.  
DEV-MUC3-0098|GOVERNMENT|GOVERNMENT IS HOLDING TALKS WITH 16 PERCENT OF THE GUERRILLAS
DEV-MUC3-0981|EL SALVADOR|EL SALVADOR HAS BEEN SUBJECTED TO A VERY STRONG CONFRONTATION WHICH LATELY HAS WORSENED.  
DEV-MUC3-0981|WHICH|WHICH IS AT THE ROOT OF THE PROBLEM.  
DEV-MUC3-0981|SITUATION|SITUATION BEING EXPERIENCED IN NEIGHBORING EL SALVADOR WHICH IS FACING AN INTERNAL CONFLICT
DEV-MUC3-0981|MEETING|MEETING WAS OF URGENT NATURE
DEV-MUC3-0982|PRESIDENT ADDED|PRESIDENT ADDED WOULD BE TANTAMOUNT TO GIVING  THE OTHER RIGHT-WING TERRORISTS
DEV-MUC3-0984|DECLARATION|DECLARATION IS LIKE A WALKING STICK
DEV-MUC3-0984|DECLARATION|DECLARATION IS NEITHER REALISTIC NOR VIABLE.  
DEV-MUC3-0984|FMLN|FMLN IS NOT LIKE THE CONTRAS WHO ARE IN HONDURAS AND INTERNATIONAL ORGANIZATIONS
DEV-MUC3-0984|FMLN|FMLN WERE PRESENT.     
DEV-MUC3-0984|WHAT|WHAT IS BEHIND THE WORDS
DEV-MUC3-0985|WITNESS|WITNESS WAS TAKEN TO THE UNITED STATES
DEV-MUC3-0988|GUERRILLA MOVEMENT|GUERRILLA MOVEMENT WAS CONDEMNED AND FOR THAT REASON
DEV-MUC3-0989|GOVERNMENT|GOVERNMENT IS FULLY SATISFIED WITH THE WORK OF DEMOCRATIC ECONOMIC AND SOCIAL RECONSTRUCTION
DEV-MUC3-0989|THAT|THAT WAS DESTROYED IN THE PAST BY THE ENEMIES OF FREEDOM AND PLURALISM
DEV-MUC3-0992|U.S. GOVERNMENT|U.S. GOVERNMENT IS TRULY WILLING TO RESPECT THESE AGREEMENTS
DEV-MUC3-0998|STATEMENT|STATEMENT WAS PERSONAL AND SHE LIMITED HERSELF TO REPORTING ON THE INVESTIGATIONS SHE CONDUCTED AT UCA AFTER THE MURDER.  
DEV-MUC3-0999|PARDON LAW|PARDON LAW IS ONE OF THE COMMITMENTS MADE BY THE GOVERNMENT IN THE AGREEMENT SIGNED WITH THE M-19 AS A RESULT OF THE NEGOTIATIONS
DEV-MUC3-0999|WHICH|"WHICH IS PART OF THE ""PACKAGE"" OF CONSTITUTIONAL REFORMS PROPOSED BY THE GOVERNMENT"
