DEV-MUC3-0001|ABOUT 50 PEASANTS|ABOUT 50 PEASANTS HAVE BEEN KIDNAPPED BY TERRORISTS OF THE FARABUNDO MARTI NATIONAL LIBERATION FRONT [FMLN] IN SAN MIGUEL DEPARTMENT
DEV-MUC3-0006|OF 0700 CLASHES|OF 0700 CLASHES WERE STILL UNDER WAY.  
DEV-MUC3-0007|IN THE PAST|IN THE PAST HAVE BEEN LINKED WITH THIS ILLEGAL TRADE AND PROTECTING THE MEDELLIN CARTEL CHIEFS?  
DEV-MUC3-0013|THAT A CALM CLIMATE|THAT A CALM CLIMATE MUST BE SOUGHT TO DISCUSS ISSUES
DEV-MUC3-0014|THAT 2 OFFICERS|THAT 2 OFFICERS HAVE BEEN CONFINED IN VARIOUS HEADQUARTERS PENDING INVESTIGATION.     
DEV-MUC3-0016|THAT A UCR|THAT A UCR WAS COMPLETELY DESTROYED BY A BOMB EXPLOSION
DEV-MUC3-0016|THAT NO ONE|THAT NO ONE WAS INJURED AND THAT LEOPOLDO MOREAU
DEV-MUC3-0019|THAT HIS CASE|THAT HIS CASE WAS BEING PROCESSED BY A COURT OF JUSTICE
DEV-MUC3-0020|BECAUSE A DECISION|BECAUSE A DECISION COULD NOT BE BEYOND THE RESPONSIBILITY OF THE TOP COMMAND.     
DEV-MUC3-0020|OF THIS SORT|OF THIS SORT COULD NOT BE BEYOND THE RESPONSIBILITY OF THE TOP COMMAND.     
DEV-MUC3-0021|THAT THE RETURN|THAT THE RETURN IS ALSO PART OF THIS NEW OFFENSIVE
DEV-MUC3-0022|AFTER 10 YEARS|AFTER 10 YEARS IS AN ARMY WHOSE MILITARY STANCE IS DEFENSIVE NOT OFFENSIVE
DEV-MUC3-0027|THAT TALKS|THAT TALKS WILL BE HELD SHORTLY.   
DEV-MUC3-0034|IN OTHER WORDS|IN OTHER WORDS IS A PERFECT SCAPEGOAT.     
DEV-MUC3-0035|BECAUSE ONE CANNOT|BECAUSE ONE CANNOT BE AT THE NEGOTIATING TABLE
DEV-MUC3-0036|AFTER THE VICTIMS|AFTER THE VICTIMS WERE KIDNAPPED IN GUATEMALA CITY YESTERDAY
DEV-MUC3-0045|BECAUSE POWER|BECAUSE POWER IS RELATIVE AND CONDITIONAL
DEV-MUC3-0045|THAT THE DEMOCRATIC SYSTEM|THAT THE DEMOCRATIC SYSTEM IS THE BEST MEANS OF ATTAINING HIGHER LEVELS OF DEVELOPMENT
DEV-MUC3-0049|FOR RIGHTS TO|FOR RIGHTS TO TO BE RECOGNIZED AND OBLIGATIONS ACCEPTED.  
DEV-MUC3-0052|SINCE THE UP|SINCE THE UP WAS FOUNDED IN 1985
DEV-MUC3-0054|AS EVIDENCE|AS EVIDENCE WAS GATHERED.  
DEV-MUC3-0059|ALTHOUGH HIS LIFE|ALTHOUGH HIS LIFE IS NOT AT RISK
DEV-MUC3-0060|BECAUSE THE OFFICIALS|BECAUSE THE OFFICIALS WERE ALERTED AND FLED BEFORE THE TERRORISTS ARRIVED
DEV-MUC3-0063|THAT A STATE|THAT A STATE WILL BE IN EFFECT UNTIL FURTHER NOTICE
DEV-MUC3-0068|AS LARGE QUANTITIES|AS LARGE QUANTITIES WERE DESTROYED.   
DEV-MUC3-0083|BY SOME COMMUNIST POLITICIANS|BY SOME COMMUNIST POLITICIANS WAS TO OBSERVE THE CONDITION OF THE DETAINEE.  
DEV-MUC3-0090|FOR YESTERDAY|FOR YESTERDAY IS AGAIN ON HOLD
DEV-MUC3-0095|AFTER 5 MINUTES|AFTER 5 MINUTES WAS UNDER COMPLETE CONTROL HAVING SUFFERED 12 CASUALTIES
DEV-MUC3-0104|IN REALITY|IN REALITY IS QUITE HIGH.  
DEV-MUC3-0105|THAT THIS MEASURE|THAT THIS MEASURE IS NOT IRREVOCABLE
DEV-MUC3-0108|THAT 143 SOLDIERS|THAT 143 SOLDIERS WERE KILLED AND 300 WOUNDED
DEV-MUC3-0110|IN PRACTICE|IN PRACTICE IS TO ESTABLISH A LAND CORRIDOR BETWEEN THE ATLANTIC AND PACIFIC
DEV-MUC3-0110|THAT THE CONSTRUCTION|THAT THE CONSTRUCTION IS A MATTER OF NATIONAL SOVEREIGNTY
DEV-MUC3-0118|THAT THE ATTACK|THAT THE ATTACK WAS A WARNING
DEV-MUC3-0118|THAT THE ATTACK|THAT THE ATTACK WAS TO EXPRESS REJECTION OF THE SOCIALIST-LEANING MEASURES
DEV-MUC3-0118|UNTIL THE COMMUNIST AGGRESSION|UNTIL THE COMMUNIST AGGRESSION HAS BEEN STOPPED AND ITS DEFEAT ACHIEVED
DEV-MUC3-0120|THAT AN UNSPECIFIED NUMBER|THAT AN UNSPECIFIED NUMBER WERE ALSO WOUNDED
DEV-MUC3-0123|AS THE ONE|AS THE ONE IS TO CAUSE HARM
DEV-MUC3-0124|AGAINST OUR COUNTRY|AGAINST OUR COUNTRY WILL BE MORE THAN $880 MILLION.     
DEV-MUC3-0130|BECAUSE THIS CLASS|BECAUSE THIS CLASS BEEN THE GREATEST SPONSOR OF NATIONAL INTELLECTUAL MATERIAL AND SOCIAL DEVELOPMENT
DEV-MUC3-0134|THAT A MAN|THAT A MAN WAS THE MOST SERIOUSLY WOUNDED BY THE BOMBS
DEV-MUC3-0135|IN THE OUTLYING CITIES|IN THE OUTLYING CITIES IS STILL COMPLETELY PARALYZED IN THE WAKE OF THE GROUND TRANSPORTATION STOPPAGE DECREED BY THE FMLN
DEV-MUC3-0139|IN THE AREA|IN THE AREA WERE COWARDLY STRAFED
DEV-MUC3-0139|ON THE NIGHT|ON THE NIGHT WERE COWARDLY SHOT IN SOYAPANGO.  
DEV-MUC3-0145|WHILE 15 SOLDIERS|WHILE 15 SOLDIERS WERE WOUNDED DURING THE EARLY
DEV-MUC3-0148|THAT THE WILL|THAT THE WILL IS RESPECTED AND [WORDS INDISTINCT
DEV-MUC3-0148|THAT VOTING TABLES|THAT VOTING TABLES HAVE BEEN ATTACKED IN 15 AREAS OF THE COUNTRY
DEV-MUC3-0152|OF THE 2.2 MILLION SALVADORANS WHO|OF THE 2.2 MILLION SALVADORANS WHO WERE REGISTERED AND WHILE 60 PERCENT OF THE VOTERS SHOWED UP AT THE POLLS FOR THE 1984 ELECTIONS
DEV-MUC3-0152|ON THE CONTRARY|ON THE CONTRARY WERE INTERESTED IN A NEGOTIATED PEACEFUL SOLUTION TO THE SALVADORAN CONFLICT
DEV-MUC3-0156|THAT THE NUMBER|THAT THE NUMBER IS NOT KNOWN
DEV-MUC3-0164|THAT THE BANKING SYSTEM|THAT THE BANKING SYSTEM WILL BE PRIVATIZED AND THAT MANY GOVERNMENT WORKERS WILL BE FIRED
DEV-MUC3-0171|FOR EXAMPLE|FOR EXAMPLE WAS 4.5 PERCENT.  
DEV-MUC3-0173|THAT THE MEMBERS|THAT THE MEMBERS WILL BE FRIGHTENED INTO ABANDONING THE STRUGGLE FOR THE CONSOLIDATION OF DEMOCRACY
DEV-MUC3-0185|IN SPITE|IN SPITE NOT BEEN WHAT HAD HAPPENED IN SIMILAR SITUATIONS IN OTHER LATIN AMERICAN COUNTRIES NAMELY MASS EMIGRATION.  
DEV-MUC3-0185|THAT THE STATE|THAT THE STATE BE REVOKED AND
DEV-MUC3-0188|THAT THESE ACTIONS|THAT THESE ACTIONS WERE INTENDED TO UNDERMINE THE AGREEMENT WITH THE GOVERNMENT
DEV-MUC3-0192|UNTIL THIS THREAT|UNTIL THIS THREAT IS TOTALLY ELIMINATED.     
DEV-MUC3-0193|THAT THE CAMPAIGN|THAT THE CAMPAIGN IS BASED ON PLANS BY THE SANDINIST GOVERNMENT
DEV-MUC3-0200|DURING OUR RECENT TRIP|DURING OUR RECENT TRIP IS THAT WE TRUST
DEV-MUC3-0201|THAT THE STRUGGLE|THAT THE STRUGGLE IS MORE IMPORTANT THAN THE ELECTIONS
DEV-MUC3-0209|THAT THESE ACCIDENTS|THAT THESE ACCIDENTS WERE CAUSED BY BAD WEATHER OR MECHANICAL FAILURE
DEV-MUC3-0212|THAT OUR STRUGGLE|THAT OUR STRUGGLE IS OF THE PEOPLE AND FOR THE PEOPLE
DEV-MUC3-0212|THAT THE TARGET|THAT THE TARGET IS AN ENEMY OF THE PEOPLE
DEV-MUC3-0213|IF THIS CRIME|IF THIS CRIME WAS COMMITTED BY THE SHINING PATH
DEV-MUC3-0226|THAT A STATE|THAT A STATE HAS BEEN DECREED IN ALL CITIES AND TOWNSHIPS OF THE ROSARIO DEPARTMENT
DEV-MUC3-0227|ON THIS 1ST DAY|ON THIS 1ST DAY IS NORMAL IN SAN VICENTE DEPARTMENT.  
DEV-MUC3-0230|THAT MURDER|THAT MURDER SHOULD BE SERIUSLY ANALYZED
DEV-MUC3-0230|THAT THIS CRIME|THAT THIS CRIME IS IN NO WAY LINKED TO THE PRESENCE OF SHINING PATH TERRORISTS IN BOLIVIA
DEV-MUC3-0244|DESPITE THE EVIDENCE|DESPITE THE EVIDENCE IS THERE FOR THE GENTLEMEN OF THE FOREIGN MINISTRY TO SEE.     
DEV-MUC3-0256|IN FUEL PRICES|IN FUEL PRICES WILL BE NECESSARY ACCORDING TO THE FIRST SPECIAL MEETING OF THE COUNTRY'S PETROLEUM ENTERPRISE AUTHORITIES.     
DEV-MUC3-0261|AT THE CENTRAL MARKET|AT THE CENTRAL MARKET WAS A TERRORIST ACTION BY THE ARENA
DEV-MUC3-0263|ALTHOUGH THE EXACT AMOUNT|ALTHOUGH THE EXACT AMOUNT IS STILL UNKNOWN
DEV-MUC3-0264|IN OTHER WORDS|IN OTHER WORDS WAS A DEATH SQUAD MEMBER WHO TAUGHT TORTURE TECHNIQUES
DEV-MUC3-0265|THAT HIS CONTACTS|THAT HIS CONTACTS WERE OUTSIDE THE COUNTRY AND THAT HE RECEIVED $2500 A MONTH TO CARRY OUT HIS ACTIVITIES IN HONDURAS
DEV-MUC3-0271|DESPITE THESE ACTIONS|DESPITE THESE ACTIONS IS UNDETERRED FROM HIS INTENTION TO SIT DOWN AND
DEV-MUC3-0271|IN EVERY SENSE|IN EVERY SENSE HAS BEEN A COWARDLY ACT AND IT CAN ONLY BE DESCRIBED AS THAT.  
DEV-MUC3-0272|IF A DATE|IF A DATE IS SET FOR A MEETING IN THE NEAR FUTURE TO ANALYZE THE COUNTRY'S CURRENT OIL POLICIES.     
DEV-MUC3-0273|WHILE HIS CHILDREN|WHILE HIS CHILDREN WERE NOT INJURED
DEV-MUC3-0281|OVER THE PAST|OVER THE PAST HAS BEEN THE PRIMARY TARGET OF INTERNATIONAL SUBVERSION AND TERRORISM.  
DEV-MUC3-0283|IN THE PAST|IN THE PAST HAS BEEN THE MOST UNWILLING TO JOIN THE PEACE PROCESS.     
DEV-MUC3-0290|IN OTHER WORDS|IN OTHER WORDS WERE IN THE AREA
DEV-MUC3-0290|THAT THE VEHICLES|THAT THE VEHICLES SHOULD NOT BE DETAINED.     
DEV-MUC3-0294|THAT THIS MEASURE|THAT THIS MEASURE IS INTENDED TO SHUT DOWN THE UNIVERSITY
DEV-MUC3-0299|THAT WHAT|THAT WHAT WAS THE RESULT OF A CLASH BETWEEN THE ARMY AND THE FMLN
DEV-MUC3-0306|AT THE TIME|AT THE TIME WAS BEING PUMPED THROUGH THE PIPELINE
DEV-MUC3-0308|THAT SMUGGLING|THAT SMUGGLING IS A CRIME OF HIGH TREASON
DEV-MUC3-0309|DURING THOSE SEASONS|DURING THOSE SEASONS IS AN OVERABUNDANCE OF JOBS
DEV-MUC3-0311|ON BEHALF|ON BEHALF HAVE BEEN PARTICULARLY PLEASED TO PRESENT
DEV-MUC3-0312|THAT MY LIFE|THAT MY LIFE IS INDEBTED TO THE APRA [AMERICAN POPULAR REVOLUTIONARY ALLIANCE] MOVEMENT.  
DEV-MUC3-0312|THAT THE ELECTIONS|THAT THE ELECTIONS WILL BE ABSOLUTELY FAIR AND CLEAN.     
DEV-MUC3-0313|IN ANY CURRENCY|IN ANY CURRENCY CAN BE PLACED FOR THE BENEFIT OF THE COUNTRY AND OF COURSE THE DEPOSITOR.  
DEV-MUC3-0313|IN A WORD|IN A WORD WOULD NOT BE ABLE TO INTEGRATE
DEV-MUC3-0313|IN WHICH THEIR SAVINGS|IN WHICH THEIR SAVINGS WERE DEPOSITED.  
DEV-MUC3-0317|THAT THE CRIME|THAT THE CRIME IS PART OF A TERRORIST WAVE THAT HAS GRIPPED GUATEMALA FOR OVER 15 DAYS
DEV-MUC3-0321|FOR SOME PEOPLE|FOR SOME PEOPLE WAS ALREADY TOO LATE BECAUSE THEY WERE KILLED IN THE CROSSFIRE.       
DEV-MUC3-0325|THAT NEWS|THAT NEWS IS NEVER IMPARTIAL BECAUSE IT AT LEAST INTENTIONALLY AND IMPLICITLY
DEV-MUC3-0325|THAT THE MOST SERIOUS THING|THAT THE MOST SERIOUS THING IS THE CASE OF MSGR ROMERO
DEV-MUC3-0328|THAT HIS TELEPHONE|THAT HIS TELEPHONE IS BEING ILLEGALLY TAPPED
DEV-MUC3-0328|THAT THE BATTALION|THAT THE BATTALION IS THE COUNTERINSURGENCY BATTALION AND ITS COMMANDER IS COLONEL ALBERTO ANDINO BENITEZ
DEV-MUC3-0330|FOR EXAMPLE|FOR EXAMPLE HAS BEEN AUTHORIZED TO MEDDLE IN THE NICARAGUAN ELECTION PROCESS
DEV-MUC3-0339|AS THE VIOLENCE|AS THE VIOLENCE IS STRENGTHENED.  
DEV-MUC3-0339|TO PRESERVE DEMOCRACY|TO PRESERVE DEMOCRACY IS NECESSARY TO LEAVE IT IDLE
DEV-MUC3-0339|TO PRESERVE|TO PRESERVE IS NECESSARY TO LEAVE IT IDLE
DEV-MUC3-0344|ALTHOUGH THE REPORTS|ALTHOUGH THE REPORTS HAVE NOT BEEN VERY CLEAR.  
DEV-MUC3-0344|THAT WORK|THAT WORK WILL BE USEFUL AS LONG AS IT DOES NOT INTERFERE WITH THE WORK OF BOLIVIAN ORGANIZATIONS
DEV-MUC3-0359|IF WHAT|IF WHAT IS TO CAUSE HARM AND HINDER
DEV-MUC3-0362|AS IT|AS IT HAS BEEN CORRECTLY STATED THE WORLD OF DRUG
DEV-MUC3-0365|OF COURSE|OF COURSE WILL BE KEPT SECRET.   
DEV-MUC3-0376|TO DRUG TRAFFICKING|TO DRUG TRAFFICKING CAN BE EXTRADITED.     
DEV-MUC3-0378|IN THIS CASE|IN THIS CASE WAS OUR PARTY PLATFORM THAT WAS CHOSEN BY THE PEOPLE.  
DEV-MUC3-0378|ONCE THE EVIDENCE|ONCE THE EVIDENCE IS GATHERED.  
DEV-MUC3-0379|AS AUTOMOBILES|AS AUTOMOBILES WERE CONFISCATED.  
DEV-MUC3-0379|OVER THE SEA TO|OVER THE SEA TO TO BE PICKED UP BY DRUG TRAFFICKERS
DEV-MUC3-0381|BECAUSE THIS MEDDLING|BECAUSE THIS MEDDLING IS OUR CONCERN [WORDS INDISTINCT].  
DEV-MUC3-0383|THAT NORDENFLYGHT|THAT NORDENFLYGHT WAS THE SON OF ELIANA DEL CARMEN FARIAS ASSIF
DEV-MUC3-0384|TO DATE|TO DATE WAS NO RESPONSE FROM THE UNITED STATES ADMINISTRATION.  
DEV-MUC3-0397|THAN 200 OFFICIALS|THAN 200 OFFICIALS HAVE BEEN MURDERED SINCE THE COLOMBIAN JUSTICE SYSTEM BEGAN ITS STRUGGLE AGAINST THE DRUG LORDS IN 1981.     
DEV-MUC3-0403|THAT HIS BROTHER|THAT HIS BROTHER WAS A FRONT MAN FOR PABLO ESCOBAR
DEV-MUC3-0407|THAT A ROCKET|THAT A ROCKET WAS THAT A ROCKET WAS LAUNCHED FROM THE MOUNTAINS.  
DEV-MUC3-0407|THAT THE BLAST|THAT THE BLAST WAS CAUSED BY A BOMB SET IN AN ICE CREAM CART LEFT IN FRONT OF THE BUILDING.     
DEV-MUC3-0408|THAT THE BORDER|THAT THE BORDER WAS CLOSED AS A SECURITY MEASURE
DEV-MUC3-0409|THAT THE BRAZILIAN BORDER|THAT THE BRAZILIAN BORDER IS WELL GUARDED BY BRAZILIAN ARMY TROOPS
DEV-MUC3-0409|THAT THE DRUG TRAFFICKERS|THAT THE DRUG TRAFFICKERS WERE PLANNING TO STAY IN BRAZIL AFTER THE MURDER OF SEVERAL COLOMBIAN OFFICIALS
DEV-MUC3-0417|DURING HIS STAY|DURING HIS STAY HAS BEEN WARMLY AND COURTEOUSLY WELCOMED AND TREATED.  
DEV-MUC3-0426|TOWARD THE TALKS|TOWARD THE TALKS WAS PROOF OF THE PLEDGE ASSUMED BY THE GOVERNMENT
DEV-MUC3-0430|THAT THE POSSIBLE TRANSFER|THAT THE POSSIBLE TRANSFER IS VERY WORRYING IF ONE TAKES INTO ACCOUNT
DEV-MUC3-0431|IN THE PAST LIBERALISM|IN THE PAST LIBERALISM WAS A FACTOR THAT PROMOTED PROGRESS AND INDEPENDENCE IN LATIN AMERICA
DEV-MUC3-0444|BECAUSE TWO MEMBERS|BECAUSE TWO MEMBERS WERE MURDERED YESTERDAY.     
DEV-MUC3-0449|THAT RELATIONS|THAT RELATIONS HAVE BEEN BROKEN.  
DEV-MUC3-0469|SINCE A MINE|SINCE A MINE IS A WEAPON OF A MILITARY NATURE
DEV-MUC3-0476|THAT THE ELECTIONS|THAT THE ELECTIONS WILL BE FAVORABLE TO THE EMPIRE'S INTERESTS IN CENTRAL AMERICA.  
DEV-MUC3-0477|THAT THE DOCUMENTS|THAT THE DOCUMENTS WERE CAREFULLY ANALYZED AND THAT IT HAS BEEN ESTABLISHED THAT DATA ON THE PASSPORTS
DEV-MUC3-0477|THAT THE PHOTOGRAPHS|THAT THE PHOTOGRAPHS WERE NOT THOSE OF THE TRUE OWNERS OF THE DOCUMENTS.     
DEV-MUC3-0482|THAT THE SABOTAGE|THAT THE SABOTAGE IS A WAY OF PREVENTING INTERNATIONAL COMPANIES FROM SACKING THE COUNTRY'S NATURAL RESOURCES
DEV-MUC3-0483|THAT THE ONE|THAT THE ONE WAS AN INGRAM
DEV-MUC3-0485|THAT THE BOMBS|THAT THE BOMBS IS THE WORK OF TERRORISTS.  
DEV-MUC3-0485|THAT WHAT|THAT WHAT IS TURN TO THE INTERNATIONAL COMMUNITY
DEV-MUC3-0495|THAT THE ELECTIONS|THAT THE ELECTIONS WILL BE AN EXTREMELY HARSH BLOW PERHAPS AN IRREVERSIBLE BLOW TO PINOCHET
DEV-MUC3-0507|AT HOME|AT HOME IS FORBIDDEN AND IN VIOLATION OF ARMED FORCES DIRECTIVES.     
DEV-MUC3-0519|OVER 400 PEOPLE|OVER 400 PEOPLE WERE CAPTURED IN THE LAST MONTH
DEV-MUC3-0525|FOR EXAMPLE|FOR EXAMPLE HAVE BEEN CAPTURED.     
DEV-MUC3-0525|IF DRUG TRAFFICKERS|IF DRUG TRAFFICKERS WERE UNABLE TO USE THEIR MONEY THROUGH INTERNATIONAL BANKS AND INVESTMENT OPPORTUNITIES
DEV-MUC3-0530|THAT BOLIVIA|THAT BOLIVIA IS A COCA- PRODUCING COUNTRY
DEV-MUC3-0530|THAT INFLATION|THAT INFLATION IS PREDICTED TO REACH 12 PERCENT DURING HIS ADMINISTRATION
DEV-MUC3-0531|THAT THE STRUGGLE|THAT THE STRUGGLE IS TWICE AS ADMIRABLE
DEV-MUC3-0533|IN THE CASE|IN THE CASE WERE ALL AWARE
DEV-MUC3-0533|THAT MINING|THAT MINING IS THE SECTOR THAT HAS ENJOYED THE GREATEST
DEV-MUC3-0533|THAT MY RESIGNATION|THAT MY RESIGNATION WAS NOT MONICA DE GREIFF'S POSITION
DEV-MUC3-0535|TO HOSTILITIES|TO HOSTILITIES IS UNREALISTIC AND UNFEASIBLE
DEV-MUC3-0544|IN VIEW|IN VIEW WERE ALERTED AND INVESTIGATIONS BEGUN
DEV-MUC3-0545|THAT THE PROPOSAL|THAT THE PROPOSAL WAS ADDRESSED TO THE FRENCH ITALIAN AND SPANISH
DEV-MUC3-0545|THAT THIS AMOUNT|THAT THIS AMOUNT IS RIDICULOUS IF COMPARED WITH THE $8 BILLION THAT THE BENNETT PLAN
DEV-MUC3-0555|BECAUSE THE FATE|BECAUSE THE FATE IS AT STAKE
DEV-MUC3-0559|OF THE MEETING WHAT|OF THE MEETING WHAT IS .     
DEV-MUC3-0562|IF THE SEARCH|IF THE SEARCH IS COMPATIBLE WITH THE SITUATION PREVAILING IN GUATEMALA
DEV-MUC3-0568|BECAUSE ITS ECONOMIC POWER|BECAUSE ITS ECONOMIC POWER IS MIXED WITH TERRORIST AND SUBVERSIVE GROUPS
DEV-MUC3-0569|THAT A WORK GROUP|THAT A WORK GROUP BE FORMED TO STUDY
DEV-MUC3-0572|THAT NO COUNTRY|THAT NO COUNTRY IS ABLE TO PAY THE DEBT IN CONTRACTED
DEV-MUC3-0572|THAT THE DEBT|THAT THE DEBT IS NOT WORTH ITS FACE VALUE AND THAT IT MUST BE REDUCED
DEV-MUC3-0574|THAT THE DEBT|THAT THE DEBT WILL NOT BE FORGIVEN.  
DEV-MUC3-0577|THAT THE KIDNAPPING|THAT THE KIDNAPPING IS OF APOLITICAL NATURE AND IS DIFFERENT FROM OTHER KIDNAPPINGS OF OTHER PROMINENT TYCOONS
DEV-MUC3-0579|BECAUSE THE PARTICIPANTS|BECAUSE THE PARTICIPANTS WERE UNABLE REPEAT UNABLE TO REACH AGREEMENT ON THE BASIC POINTS FOR A POSSIBLE CEASE-FIRE
DEV-MUC3-0581|DURING THE SECOND DAY|DURING THE SECOND DAY WAS FRICTION BETWEEN THE FMLN AND THE GOVERNMENT WHEN INFORMATION SECRETARY MAURICIO SANDOVAL OPENLY ACCUSED THE FMLN OF MURDERING ANA ISABEL CASANOVA
DEV-MUC3-0583|THAT THE MEETING SITE|THAT THE MEETING SITE SHOULD BE SAN SALVADOR
DEV-MUC3-0584|THAT BOLIVIA|THAT BOLIVIA WILL BE ABLE TO SEND NAVY OFFICERS WITH THE NEXT PERUVIAN MISSION TO ANTARCTICA
DEV-MUC3-0584|THAT PERUVIAN LEAD|THAT PERUVIAN LEAD WILL BE PROCESSED IN BOLIVIAN METAL PLANTS
DEV-MUC3-0585|THAT BOLIVIA|THAT BOLIVIA WILL BE ABLE TO SEND NAVY OFFICERS WITH THE NEXT PERUVIAN MISSION TO ANTARCTICA
DEV-MUC3-0585|THAT PERUVIAN LEAD|THAT PERUVIAN LEAD WILL BE PROCESSED IN BOLIVIAN METAL PLANTS
DEV-MUC3-0590|THAT OUTSTANDING RESULTS|THAT OUTSTANDING RESULTS WERE OBTAINED AT THE MEETING IN SAN JOSE COSTA RICA SOME RESULTS WERE ATTAINED.  
DEV-MUC3-0594|THAT NOTHING|THAT NOTHING COULD BE INTERPRETED AS A CHANGE IN THEIR POSITIONS.     
DEV-MUC3-0594|THAT TALKS|THAT TALKS COULD BE RESUMED ON RESTORATION OF THE TWO COUNTRIES' DIPLOMATIC RELATIONS WITHOUT DISCUSSING SOVEREIGNTY OVER THE MALVINAS ISLANDS.     
DEV-MUC3-0595|THAT THE CLAIM|THAT THE CLAIM IS NOT VALID
DEV-MUC3-0599|BEFORE THE PEOPLE|BEFORE THE PEOPLE MUST BE CREDIBLE ENOUGH
DEV-MUC3-0600|THAT THE ATTACKERS|THAT THE ATTACKERS WERE APPARENTLY MEMBERS OF THE 21ST FRONT OF THE COMMUNIST REVOLUTIONARY ARMED FORCES OF COLOMBIA FARC PRO-SOVIET
DEV-MUC3-0604|IF THE PROPOSAL|IF THE PROPOSAL IS DIRECTLY ISSUED BY THE EXTRADITABLES OR THEIR SPOKESMEN
DEV-MUC3-0604|THAT THE RULING|THAT THE RULING IS QUITE CLEAR
DEV-MUC3-0608|BY UNIDENTIFIED GUNMEN|BY UNIDENTIFIED GUNMEN WAS OFFICIALLY REPORTED.     
DEV-MUC3-0620|AT THAT TIME|AT THAT TIME WERE LEADERS OF [2-SECOND BREAK IN RECEPTION] IN DOWNTOWN SAN SALVADOR
DEV-MUC3-0621|THAT THE ATTACKERS|THAT THE ATTACKERS WERE SOLDIERS IN UNIFORM
DEV-MUC3-0630|TO ALL APPEARANCES|TO ALL APPEARANCES WAS TO BE PLACED NEAR THE MILITARY HEADQUARTERS ONE OF THE MOST IMPORTANT IN EL SALVADOR.     
DEV-MUC3-0636|IN THE PAST|IN THE PAST HAVE BEEN SEVERAL ATTACKS ON MILITARY INSTALLATIONS AND LABOR UNION HEADQUARTERS
DEV-MUC3-0636|THAT HIS GOAL|THAT HIS GOAL IS TO URGE THEM
DEV-MUC3-0636|THAT THE BREAK|THAT THE BREAK WILL BE ONLY TEMPORARY.     
DEV-MUC3-0639|THAT THE SEARCH|THAT THE SEARCH IS NOW MORE NECESSARY THAN EVER IN ORDER TO HALT THE BLOODSHED
DEV-MUC3-0640|OF WORKERS WHO|OF WORKERS WHO HAVE BEEN MURDERED AND WHOSE CASES HAVE BEEN FORGOTTEN
DEV-MUC3-0641|THAT THE NAME|THAT THE NAME WAS MENTIONED IN THE INVESTIGATIONS
DEV-MUC3-0641|THAT THESE ACTIONS|THAT THESE ACTIONS HAVE BEEN THE RESULT OF A PURGE
DEV-MUC3-0642|THAT THE AUTHORITIES|THAT THE AUTHORITIES HAVE NOT BEEN ABLE TO SOLVE THE MURDER OF SAN SALVADOR ARCHBISHOP OSCAR ARNULFO ROMERO IN 10 YEARS
DEV-MUC3-0647|ON THE OTHER SIDE|ON THE OTHER SIDE IS CLEAR THAT THE CRIMINAL ELEMENTS CONTROL THE MILITARY POWER AND HAVE INFLUENCE OVER THE COUNTRY'S POLITICAL POWER.     
DEV-MUC3-0648|AS A MATTER|AS A MATTER IS IMPORTANT FOR THE AID ITSELF
DEV-MUC3-0652|THAT RELATIONS|THAT RELATIONS WILL BE DIFFERENT IN HIS GOVERNMENT
DEV-MUC3-0658|ON THE FEW BUSES|ON THE FEW BUSES BEING DRIVEN BY THEIR OWNERS.     
DEV-MUC3-0671|THAT A CAR BOMB|THAT A CAR BOMB HAS BEEN DEFUSED IN BERNAL AVENUE.  
DEV-MUC3-0674|THAT A VEHICLE|THAT A VEHICLE IS IN THE VICINITY OF THE ASTOR MOVIE WHERE APPARENTLY FOUR PEOPLE HAVE BULLET WOUNDS AS A RESULT OF THE CLASHES
DEV-MUC3-0683|THAT THREE HELICOPTERS|THAT THREE HELICOPTERS WERE COMPLETELY DESTROYED ONE OR TWO SMALL PLANES DESTROYED AND TWO HANGARS AND THE AIRCRAFT
DEV-MUC3-0686|THAT THREE RIFLES|THAT THREE RIFLES WERE SEIZED FROM THE 2D INFANTRY  BRIGADE TROOPS
DEV-MUC3-0687|THAT THE PEACE|THAT THE PEACE IS IRREVERSIBLE AND IT SHOULD OCCUR; AND IT HAS BEEN SUPPORTED
DEV-MUC3-0690|THAT SEVERAL AREAS|THAT SEVERAL AREAS HAVE BEEN ATTACKED.  
DEV-MUC3-0692|THAT THIS BATTLE|THAT THIS BATTLE IS IN THE ELECTORAL FIELD
DEV-MUC3-0695|AFTER THE PASSENGERS|AFTER THE PASSENGERS WERE FORCED TO DISEMBARK.   
DEV-MUC3-0696|AS CHRISTIANS|AS CHRISTIANS IS WITH US
DEV-MUC3-0701|THAT 3 HELICOPTERS|THAT 3 HELICOPTERS WERE DAMAGED IN SOYAPANGO WHERE CLASHES HAVE ENSUED AND CONTINUE AT 1619
DEV-MUC3-0701|THAT OUR COMRADES|THAT OUR COMRADES WERE IN GOOD SPIRITS AND FORCING THE 3D INFANTRY BRIGADE
DEV-MUC3-0703|IF THAT DECREE|IF THAT DECREE IS NOT ISSUED
DEV-MUC3-0710|THAT THE FIGHTING|THAT THE FIGHTING IS HEAVY.  
DEV-MUC3-0710|WITH REGARD|WITH REGARD IS THE SAME THROUGHOUT THE NATION'S TERRITORY.  
DEV-MUC3-0718|DURING THE LAST DAYS|DURING THE LAST DAYS IS SHOWING THE WORLD:     1.  
DEV-MUC3-0724|TO A TOTALITARIAN DICTATORSHIP|TO A TOTALITARIAN DICTATORSHIP IS PLANNED LED AND IMPLEMENTED ON NICARAGUAN TERRITORY.     
DEV-MUC3-0729|THAT OUR FORCES|THAT OUR FORCES HAVE BEEN INSTRUCTED TO IMPOSE
DEV-MUC3-0768|IN THE PAST COOPERATION|IN THE PAST COOPERATION BEEN FORTHCOMING.     
DEV-MUC3-0769|TO WITNESSES WHO|TO WITNESSES WHO WERE THERE TOJEIRA EXPLAINED.     
DEV-MUC3-0775|THAT HIS CYNICISM|THAT HIS CYNICISM IS BEYOND THE LIMIT.  
DEV-MUC3-0780|THAT THIS CRIME|THAT THIS CRIME WAS A POLITICAL MISTAKE MADE BY THE DICTATORSHIP.  
DEV-MUC3-0783|THAT THEIR BLOOD|THAT THEIR BLOOD WILL BE A SEED
DEV-MUC3-0786|THAT THIS CASE|THAT THIS CASE NOT BE POLITICIZED OR USED
DEV-MUC3-0791|THAT THE AREA|THAT THE AREA HAS BEEN TOTALLY RECOVERED.  
DEV-MUC3-0809|UNTIL ORDER|UNTIL ORDER HAS BEEN FULLY RESTORED
DEV-MUC3-0812|THAT THE STRUGGLE|THAT THE STRUGGLE IS FOR A JUST CAUSE AND
DEV-MUC3-0815|IN THE PAST|IN THE PAST BEEN MURDERED.  
DEV-MUC3-0822|IN WHICH MOST VEHICLES|IN WHICH MOST VEHICLES WERE AMBULANCES OFFICIAL OR MILITARY VEHICLES AND VEHICLES BELONGING TO NEWSMEN
DEV-MUC3-0823|BEFORE THE CRIME|BEFORE THE CRIME WAS COMMITTED.  
DEV-MUC3-0823|THAT EMBALMING|THAT EMBALMING WAS NOT POSSIBLE
DEV-MUC3-0823|THAT THE BODIES|THAT THE BODIES WERE DESTROYED BECAUSE AK-47 AND M-16 ASSAULT RIFLES WERE USED IN THE ATTACK
DEV-MUC3-0823|THAT THESE SHOTS|THAT THESE SHOTS WERE FIRED FROM SOME DISTANCE WITH A MACHINEGUN SET UP
DEV-MUC3-0823|THAT THE VICTIMS|THAT THE VICTIMS WERE NOT TORTURED
DEV-MUC3-0824|THAT NO ONE|THAT NO ONE SHOULD BE IN A HURRY TO ACCUSE THE GOVERNMENT OR ANYONE ELSE
DEV-MUC3-0826|THAT THE CRIME|THAT THE CRIME WAS COMMITTED BY THE ARMED FORCES.  
DEV-MUC3-0833|THAT HIS CONDITION|THAT HIS CONDITION IS STABLE.     
DEV-MUC3-0850|THAT THIS STEP|THAT THIS STEP IS PART OF THE PRESIDENT AUGUSTO PINOCHET'S POLICY TO INCREASE THE PRESENCE OF CHILE THROUGHOUT THE WORLD
DEV-MUC3-0855|THAT THE DRUG|THAT THE DRUG BEEN SURROUNDED AND THAT HIS CAPTURE WAS IMMINENT
DEV-MUC3-0859|THAT THE ENDING|THAT THE ENDING SHOULD BE THE FIRST GESTURE
DEV-MUC3-0859|THAT THIS AGGRESSION|THAT THIS AGGRESSION IS [WORDS INDISTINCT] NICARAGUA AND CUBA
DEV-MUC3-0862|THAT THE 2 WEEKS|THAT THE 2 WEEKS HAVE NOT BEEN INSTRUMENTAL IN CREATING
DEV-MUC3-0868|THAT GUERRILLAS|THAT GUERRILLAS WERE ENGAGED IN A TACTICAL-TYPE DIALOGUE BY ATTENDING THE MEETINGS WITH THE GOVERNMENT WHILE PREPARING FOR THE OFFENSIVE
DEV-MUC3-0870|AMONG THE DOCUMENTS|AMONG THE DOCUMENTS IS THE FLIGHT PLAN
DEV-MUC3-0878|BECAUSE THE CRISTIANI|BECAUSE THE CRISTIANI HAS BEEN UNMASKED AS A FASCIST DICTATORSHIP
DEV-MUC3-0878|THAT THE CRISTIANI|THAT THE CRISTIANI WAS DESTROYED WHEN IT HAD TO COVER UP AND PERMIT
DEV-MUC3-0879|AS IT|AS IT IS IN THE STRATEGIC DEFENSE OF THE CITIES.  
DEV-MUC3-0880|ON THE OTHER HAND|ON THE OTHER HAND BE AN INDISPENSABLE CONDITION
DEV-MUC3-0880|THAT THE REAL DECISIONMAKERS|THAT THE REAL DECISIONMAKERS BE THE ONES WHO SIT AT THE NEGOTIATING TABLE
DEV-MUC3-0882|THAT THE ACCUSATION|THAT THE ACCUSATION IS A CLUMSY SET UP TO HIDE AND NOT RESPOND TO THE QUESTION
DEV-MUC3-0882|THAT THE CRIME|THAT THE CRIME WAS COMMITTED BY MILITARY UNITS AND PERSONS LINKED TO THE CRISTIANI ADMINISTRATION
DEV-MUC3-0882|THAT THE DEATH|THAT THE DEATH WAS NOT THE WORK OF LEFTIST GUERRILLAS
DEV-MUC3-0882|THAT THE MURDER|THAT THE MURDER WAS AN ACTION BY THE SALVADORAN ARMED FORCES AND NOT THE FMLN [FARABUNDO MARTI NATIONAL LIBERATION FRONT].  
DEV-MUC3-0887|THAT THE CRUSADE|THAT THE CRUSADE IS ENCOURAGED BY THE ULTRARIGHTISTS WHO ARE OPERATING UNDER THE PROTECTION OF THE GOVERNMENT
DEV-MUC3-0888|BECAUSE THE MEETING|BECAUSE THE MEETING WILL BE UNOFFICIAL [AS HEARD].     
DEV-MUC3-0896|THAT THE SUPPORT|THAT THE SUPPORT HAS BEEN ESSENTIAL AND VERY IMPORTANT
DEV-MUC3-0896|TO THIS TOTAL SUPPORT|TO THIS TOTAL SUPPORT HAVE BEEN ABLE TO LOCATE A LOT OF WEAPONS AND AMMUNITION.  
DEV-MUC3-0898|IN THE AREA|IN THE AREA IS FIERCE FIGHTING.     
DEV-MUC3-0900|ON THE CONTRARY|ON THE CONTRARY IS THE U.S. PRESENCE THE U.S. MEDDLING IN EL SALVADOR
DEV-MUC3-0903|FOR WHICH CRISTIANI|FOR WHICH CRISTIANI IS LARGELY RESPONSIBLE
DEV-MUC3-0909|THAT 7 FOREIGNERS|THAT 7 FOREIGNERS HAVE BEEN DEPORTED FROM EL SALVADOR AND 14 WILL HAVE TO LEAVE THE COUNTRY WITHIN THE NEXT FEW HOURS AFTER BEING DECLARED
DEV-MUC3-0909|THAT AN UNDETERMINED NUMBER|THAT AN UNDETERMINED NUMBER HAVE BEEN REMANDED TO THE COURTS
DEV-MUC3-0909|THAT THE FOREIGNERS WHO|THAT THE FOREIGNERS WHO WILL BE REMANDED TO THE COURTS BY THE SECURITY FORCE
DEV-MUC3-0914|THAT THE MISSILES|THAT THE MISSILES WERE HEADED TOWARD THEM
DEV-MUC3-0917|THAT THE ARREST|THAT THE ARREST IS A HARD BLOW TO THE TERRORISTS
DEV-MUC3-0920|THAN 30 PEOPLE|THAN 30 PEOPLE HAVE BEEN EXTRADITED TO SEVERAL COUNTRIES
DEV-MUC3-0929|THAT WHAT|THAT WHAT IS TO SERVE AS A BRIDGE FOR SOLVING THE CONFLICT BETWEEN NICARAGUA AND EL SALVADOR AND
DEV-MUC3-0929|UNDER NO CIRCUMSTANCES|UNDER NO CIRCUMSTANCES IS HIS SENDING THE FMLN FARABUNDO MARTI NATIONAL LIBERATION FRONT
DEV-MUC3-0931|IN OTHER WORDS|IN OTHER WORDS WAS IN EFFECT AND THAT THERE IS A MILITARY NEIGHBORHOOD NEAR THE UCA
DEV-MUC3-0931|THAT THE BEST COURSE|THAT THE BEST COURSE IS THAT OF NEGOTIATION
DEV-MUC3-0931|THAT THE SITE|THAT THE SITE IS AN AREA HIGHLY CONTROLLED BY THE MILITARY
DEV-MUC3-0933|AS THE REGIME|AS THE REGIME IS CRASHING.  
DEV-MUC3-0942|THAT THE AVIANCA PLANE|THAT THE AVIANCA PLANE WAS CAUSED BY A BOMB
DEV-MUC3-0942|THAT THE DECISION|THAT THE DECISION IS HIGHLY UNSUITABLE FOR THE ENTIRE COUNTRY
DEV-MUC3-0946|AMONG THESE CASUALTIES|AMONG THESE CASUALTIES IS AN OFFICER FROM THE 1ST INFANTRY BRIGADE.     
DEV-MUC3-0947|IF THE FOREIGN POWERS|IF THE FOREIGN POWERS BE THEY THE UNITED STATES CUBA THE SOVIET UNION OR WHATEVER PERSIST
DEV-MUC3-0947|THAT NONE|THAT NONE WILL BE BACKED BY ANY ONE POWER WITH ARMS OR MONEY
DEV-MUC3-0949|THAT THE ECONOMY MINISTER|THAT THE ECONOMY MINISTER IS ABOUT TO RESIGN OR IS BEING PRESSURED TO RESIGN
DEV-MUC3-0952|THAT COMMUNIST ASSASSINS|THAT COMMUNIST ASSASSINS HAVE BEEN HARD HIT BECAUSE MANY HAVE BEEN KILLED AND WOUNDED AND LARGE AMOUNTS OF ARMS AND AMMUNITION
DEV-MUC3-0956|THAT THE CONSOLIDATION|THAT THE CONSOLIDATION IS THE MOST SENSIBLE MEASURE THAT THE PRESIDENTS CAN PROMOTE
DEV-MUC3-0956|THAT THE SUMMIT|THAT THE SUMMIT WILL BE ABLE TO ACHIEVE A POLITICAL SOLUTION THAT WILL PREVENT MORE DESTRUCTION IN CENTRAL AMERICA
DEV-MUC3-0959|IN THE CASE|IN THE CASE IS OBSTRUCTING JUSTICE.     
DEV-MUC3-0959|THAT THE PLAN|THAT THE PLAN IS TO LEAD THE INVESTIGATION THROUGH OTHER PATHS
DEV-MUC3-0960|THAT THE REBELS|THAT THE REBELS NOT BEING ASKED TO LAY DOWN THEIR ARMS
DEV-MUC3-0961|THAT OUR REPORTER FRIENDS|THAT OUR REPORTER FRIENDS WERE GREATLY INTERESTED IN KNOWING WHAT IS HAPPENING
DEV-MUC3-0968|THAT A HONDURAN FISHING|THAT A HONDURAN FISHING WAS ATTACKED BY A SANDINIST ARMY HELICOPTER.     
DEV-MUC3-0970|AS THE BOATS|AS THE BOATS WERE TAKEN TO ISLA DEL MAIZ THE MEMBERS OF THE MISS PATSY CREW
DEV-MUC3-0974|AT THIS TIME IT|AT THIS TIME IT IS NECESSARY FOR THE FMLN
DEV-MUC3-0981|SINCE THIS VIOLENCE|SINCE THIS VIOLENCE IS ON THE INCREASE
DEV-MUC3-0983|DESPITE WHAT|DESPITE WHAT IS CLEARER THAN EVER
DEV-MUC3-0990|THAT THE WEAPONS|THAT THE WEAPONS WERE FIRED OVER A LONG PERIOD OF TIME
DEV-MUC3-0991|IN OTHER WORDS|IN OTHER WORDS WAS NEVER ABLE TO DENY HE IS SENDING WEAPONS AND HELP TO THE FMLN
DEV-MUC3-0993|THAT THE SPANISH GOVERNMENT|THAT THE SPANISH GOVERNMENT IS ACTIVELY COMMITTED TO BOOSTING THE ECONOMY OF THAT COUNTRY
DEV-MUC3-1008|AGAINST DRUG TRAFFICKING|AGAINST DRUG TRAFFICKING WILL BE INEFFECTIVE UNLESS THE ARMY' UPPER ECHELON IS REORGANIZED IMMEDIATELY AND PURGED OF ITS CORRUPT ELEMENTS.  
DEV-MUC3-1010|AS ALL OUR PEOPLE|AS ALL OUR PEOPLE HAVE BEEN ABLE TO SEE -- AND INTERNATIONAL PUBLIC OPINION HAS ALSO BEEN ABLE TO VERIFY
DEV-MUC3-1022|THAT THE CURRENT STRATEGY|THAT THE CURRENT STRATEGY IS LIMITED TO TALKING ABOUT FALSE VICTORIES TO NEWS MEDIA
DEV-MUC3-1024|OVER WHAT|OVER WHAT IS HAPPENING IN PANAMA
DEV-MUC3-1027|THAT THE 4 YEARS|THAT THE 4 YEARS HAVE BEEN TRULY INTERESTING
DEV-MUC3-1029|THAT SHIPS|THAT SHIPS WILL BE ABLE TO RESUME NORMAL USE OF THE PANAMA CANAL
DEV-MUC3-1030|BECAUSE THE BEST WAY|BECAUSE THE BEST WAY IS TO INDULGE IN ANTI-AMERICAN POLITICS FROM HERE UNTIL 28 JULY 1990
DEV-MUC3-1032|WHILE 360 STUDENTS|WHILE 360 STUDENTS WERE IN THE BUILDING.  
DEV-MUC3-1040|THAT THE SOLDIERS|THAT THE SOLDIERS WILL BE CONFINED TO THEIR RESPECTIVE
DEV-MUC3-1054|THAT THE VICTIMISATION|THAT THE VICTIMISATION BEEN EXTENDED TO THE DENSELY POPULARED DISTRICTS
DEV-MUC3-1061|DURING THE MONTH|DURING THE MONTH HAVE BEEN APPROXIMATELY 170 DEATHS INCLUDING THOSE OF THE 20-JANUARY CONFRONTATIONS DUE TO PERU'S POLITICAL VIOLENCE.     
DEV-MUC3-1064|THAT THE HOME|THAT THE HOME WAS MACHINEGUNNED FROM A PASSING VEHICLE.     
DEV-MUC3-1065|THAT HIS STRUGGLE|THAT HIS STRUGGLE IS AGAINST THE CALI CARTEL NOT THE VALLE DEL CAUCA PEOPLE AND ADDED
DEV-MUC3-1065|THAT THOSE WHO|THAT THOSE WHO WERE CALI CARTEL MEMBERS
DEV-MUC3-1069|AGAINST OUR COUNTRY|AGAINST OUR COUNTRY IS FAILURE TO RESPECT HUMAN RIGHTS.     
DEV-MUC3-1071|THAT NO OTHER SENIOR OFFICERS|THAT NO OTHER SENIOR OFFICERS WERE INVOLVED IN THE ASSASSINATION OF THE PRIESTS.  
DEV-MUC3-1072|IN SOME COMMUNIQUES|IN SOME COMMUNIQUES IS SOMEHOW EXPRESSING THE DESIRE
DEV-MUC3-1072|THAT SOME REPORTS|THAT SOME REPORTS HAVE BEEN TOTALLY WRONG
DEV-MUC3-1074|THAT A PERSECUTION HAD|THAT A PERSECUTION HAD BEEN LAUNCHED IN OUR COUNTRY
DEV-MUC3-1075|IF SANTANDER|IF SANTANDER WAS PARDONED AFTER HIS ATTEMPT ON BOLIVAR'S LIFE AND WE ARE LIVING IN A NATION BUILT LARGELY ON
DEV-MUC3-1075|THAT SANTANDER|THAT SANTANDER WAS THE FIRST MAN PARDONED IN COLOMBIA
DEV-MUC3-1078|THAT THE PERSON|THAT THE PERSON WAS THE AMERICAN CASOLO AND THAT SHE HAD OBTAINED THE EXPLOSIVE MATERIAL AT CASOLO'S HOME IN MIRALVALLE
DEV-MUC3-1081|AT THIS TIME|AT THIS TIME IS HEAVY FIGHTING AND EVEN ARMY BOMBING OF FARC [REVOLUTIONARY ARMED FORCES OF COLOMBIA
DEV-MUC3-1082|THAT THE ORIGIN|THAT THE ORIGIN IS IN THE CONSUMERS OF THE RICH COUNTRIES
DEV-MUC3-1082|UNDER THE CURRENT CIRCUMSTANCES|UNDER THE CURRENT CIRCUMSTANCES IS DOUBTFUL THAT THE PRESIDENTS CAN HOLD A CORDIAL MEETING
DEV-MUC3-1087|WITH THE CHANGE|WITH THE CHANGE IS NO LONGER
DEV-MUC3-1088|IN WHICH MAYOR PEDRO|IN WHICH MAYOR PEDRO WAS MURDERED WHILE INAUGURATING A DINING HALL FOR CHILDREN
DEV-MUC3-1092|BECAUSE THE CASE|BECAUSE THE CASE IS UNDER THE PURVIEW OF GUATEMALAN COURTS ESPECIALLY THOSE IN JUTIAPA JURISDICTION
DEV-MUC3-1092|THAT THE CRIME|THAT THE CRIME WAS POLITICALLY MOTIVATED
DEV-MUC3-1092|THAT THE MURDERERS|THAT THE MURDERERS WERE FMLN [FARABUNDO MARTI NATIONAL LIBERATION FRONT
DEV-MUC3-1094|THAT ANY UNNECESSARY DISTANCING|THAT ANY UNNECESSARY DISTANCING WAS DUE TO THE LATTER'S INITIATIVE
DEV-MUC3-1097|THAT THE PROBLEM|THAT THE PROBLEM IS EQUALLY IMPORTANT TO COLOMBIA AND VENEZUELA
DEV-MUC3-1099|THAT THOSE GROUPS|THAT THOSE GROUPS WERE ALWAYS INVOLVED WITH THE MILITARY
DEV-MUC3-1100|THAT THE VIOLATION|THAT THE VIOLATION IS A DAILY PRACTICE IN THE ARMY
DEV-MUC3-1104|THAT HIS KIDNAPPING|THAT HIS KIDNAPPING WAS A WAY FOR HIS CAPTORS TO PROTEST PRESIDENT GEORGE BUSH'S VISIT TO COLOMBIA
DEV-MUC3-1107|WHILE A POLICE|WHILE A POLICE WAS ON A SEARCH MISSION IN ARBOLETES
DEV-MUC3-1111|THAT SUCH HOSTILITIES|THAT SUCH HOSTILITIES BE CONSIDERED AT AN END.  
DEV-MUC3-1112|BEFORE THE BARRY|BEFORE THE BARRY WAS POSSIBLE TO SEE THAT THE BENNETT PLAN
DEV-MUC3-1112|THAT A SMOKE SCREEN|THAT A SMOKE SCREEN HAS BEEN DEPLOYED OVER THE CARTAGENA SUMMIT
DEV-MUC3-1112|THAT THE BEST WAY TO|THAT THE BEST WAY TO IS TO TURN TOWARD LATIN AMERICA TO RELIEVE THE FURY OF HIS IMPOTENCE ORDERING WARSHIPS AND PLANES
DEV-MUC3-1114|IN A NUTSHELL|IN A NUTSHELL WAS POSITIVE.  
DEV-MUC3-1115|BECAUSE COLOMBIAN LAW|BECAUSE COLOMBIAN LAW IS NOT NEGOTIABLE
DEV-MUC3-1119|BECAUSE TIME|BECAUSE TIME IS AGAINST THEM
DEV-MUC3-1119|DURING THE LAST DAYS|DURING THE LAST DAYS WAS ANOTHER ACT OF SABOTAGE AGAINST
DEV-MUC3-1121|BECAUSE THE IDEAL THING|BECAUSE THE IDEAL THING WOULD BE TO ESTABLISH DIFFERENT ECONOMIC RELATIONS REDUCE TAXES
DEV-MUC3-1121|THAT THIS COUNTRY|THAT THIS COUNTRY IS THE MOST IMPORTANT DRUG CONSUMER IN THE WORLD.    
DEV-MUC3-1123|IN THE LATTER CASE|IN THE LATTER CASE HAVE BEEN NO PRESSURES AND THAT FROM THE MOMENT
DEV-MUC3-1123|THAT THE OBJECTIVE|THAT THE OBJECTIVE IS TO STRENGTHEN RELATIONS AND TRADE WITH A FRIENDLY GOVERNMENT
DEV-MUC3-1126|BY THE GUERRILLAS CANNOT|BY THE GUERRILLAS CANNOT CANNOT BE IGNORED.     
DEV-MUC3-1129|AT THE END|AT THE END WERE SHIPPED BY PLANE TO BANDAR
DEV-MUC3-1133|THAT THE CAMPAIGN|THAT THE CAMPAIGN WAS FREELY HELD
DEV-MUC3-1134|AS A MATTER|AS A MATTER HAS BEEN REPEATEDLY SHAKEN IN RECENT MONTHS
DEV-MUC3-1134|ON THE OTHER HAND|ON THE OTHER HAND IS AN ALMOST TOTAL LACK OF READINESS TO IMPORT FROM SOUTH AMERICA
DEV-MUC3-1143|INTO WHICH PERU|INTO WHICH PERU IS POLITICALLY DIVIDED AMONG THEM AYACUCHO BECAUSE OF THE TERRORIST ACTION
DEV-MUC3-1144|THAT OUR POSITION|THAT OUR POSITION HAS BEEN FITTING AND CONSISTENT AND THAT WE MAINTAIN THE POSITION WE EXPRESSED TO HIM AT PRESENT
DEV-MUC3-1144|THAT THE STATE|THAT THE STATE IS ABOUT TO LIFTED AS SUPPOSEDLY
DEV-MUC3-1145|IN TOTAL CONTROL|IN TOTAL CONTROL WILL BE A STOP IN AID
DEV-MUC3-1146|AS PART|AS PART WOULD NOT BE DIFFICULT TO IMAGINE THAT THEY WOULD HAVE THE MURDER PEOPLE OF OTHER LEFT-WING SECTORS AS THEIR GOAL
DEV-MUC3-1147|ABOUT UNKNOWN PERSONS WHO|ABOUT UNKNOWN PERSONS WHO HAVE BEEN MURDERED OR KIDNAPPED IN THE COUNTRY'S RURAL AREAS
DEV-MUC3-1149|THAT HER ONLY INTENTION|THAT HER ONLY INTENTION WAS TO STAGE A PEACEFUL PROTEST AND
DEV-MUC3-1152|THAT THE CONDITION|THAT THE CONDITION WAS SERIOUS.  
DEV-MUC3-1155|FOR THE FIRST TIME|FOR THE FIRST TIME WILL BE DEMOCRATIC GOVERNMENTS THROUGHOUT THE CONTINENT.     
DEV-MUC3-1155|IN DECADES|IN DECADES WILL BE DEMOCRATIC GOVERNMENTS THROUGHOUT THE CONTINENT.     
DEV-MUC3-1158|AT THIS TIME|AT THIS TIME IS COMPLETELY NORMAL IN NORTHERN SAN SALVADOR DESPITE THE PANIC THAT SPREAD AT APPROXIMATELY 2115
DEV-MUC3-1159|FOR CRISTIANI|FOR CRISTIANI IS THE ONLY PARTY RESPONSIBLE FOR THE TERRORIST ACTIONS AS IT MAINTAINS INFLEXIBLE STANDS ABOUT THE PEACE PROCESS.     
DEV-MUC3-1162|THAT THE AUTHORSHIP|THAT THE AUTHORSHIP WAS ATTRIBUTED TO A DEMENTED PERSON WHOSE NAME HAD CLEARLY BEEN USED
DEV-MUC3-1169|IN THE MEANTIME|IN THE MEANTIME HAS BEEN TAKEN TO INVESTIGATE AND PUNISH THE MURDER OF MONSIGNOR ROMERO AND THE MASSACRE OF FENASTRAS
DEV-MUC3-1171|THAT PLANES|THAT PLANES WERE BOMBING LA MONEDA [CHILEAN PRESIDENTIAL HOUSE] AND
DEV-MUC3-1171|WITH THE UNDERSTANDING|WITH THE UNDERSTANDING IS EXTREMELY COMPLEX.  
DEV-MUC3-1173|THAT THREE SOLDIERS|THAT THREE SOLDIERS BEEN WOUNDED DURING FIGHTING WITH THE GUERRILLAS IN THE TOWN OF SAN JOSE GUAYABAL IN THE CENTRAL CUSCATLAN DEPARTMENT
DEV-MUC3-1174|THAT THE CONTRAS|THAT THE CONTRAS SHOULD BE IMMEDIATELY DISARMED AND DEMOBILIZED
DEV-MUC3-1177|THAT HIS LIFE|THAT HIS LIFE WAS IN DANGER AND THAT HE HELD THE GOVERNMENT DIRECTLY RESPONSIBLE FOR WHATEVER
DEV-MUC3-1188|IF THE CHARGE|IF THE CHARGE IS PROVEN TO BE TRUE THE REASON FOR THE ATTACK
DEV-MUC3-1189|THAT ANOTHER OBJECTIVE|THAT ANOTHER OBJECTIVE IS TO ATTACK
DEV-MUC3-1190|THAT SEVERAL OTHER EXPLOSIONS|THAT SEVERAL OTHER EXPLOSIONS WERE HEARD THROUGHOUT THE CITY
DEV-MUC3-1195|BEFORE THE ELECTIONS|BEFORE THE ELECTIONS IS WHY THE POLICE AND MILITARY FORCES HAVE BEEN PUT ON ALERT.     
DEV-MUC3-1199|IN WHICH MEMBERS|IN WHICH MEMBERS HAVE BEEN KDNAPPED BY SUBVERSIVES
DEV-MUC3-1199|THAT PUBLIC OPINION|THAT PUBLIC OPINION IS BEING MANIPULATED.  
DEV-MUC3-1200|IN THE PAST|IN THE PAST HAS BEEN THE CUSTOM OF THE ELITE CORPS
DEV-MUC3-1204|THAT 326 PEOPLE|THAT 326 PEOPLE HAVE BEEN KIDNAPPED FOR EXTORTION PURPOSES
DEV-MUC3-1208|BECAUSE THE MEMBERS|BECAUSE THE MEMBERS WERE VICTIMS OF THIS ATTACK WERE UNARMED
DEV-MUC3-1210|THAT THE DEATH SQUADS|THAT THE DEATH SQUADS WERE ACTIVE EVEN BEFORE THE FMLN WAS ORGANIZED
DEV-MUC3-1214|SINCE OUR MAIN MOTIVE|SINCE OUR MAIN MOTIVE WILL BE THE TORTURE ASSASSINATION AND DISAPPEARANCE OF OUR COMRADES
DEV-MUC3-1219|THAT TWO SOLDIERS|THAT TWO SOLDIERS WERE WOUNDED WHEN TROOPS FOUGHT GUERRILLAS IN SAN MIGUEL DEPARTMENT IN CENTRAL EL SALVADOR
DEV-MUC3-1220|WHILE HIS COMPANION|WHILE HIS COMPANION WAS INJURED AND SERIOUSLY BURNED
DEV-MUC3-1225|IN THE CASE|IN THE CASE IS NOT JUST SIMPLY
DEV-MUC3-1238|ALTHOUGH THESE MEASURES|ALTHOUGH THESE MEASURES WERE PAINFUL.  
DEV-MUC3-1238|AT LEAST YOUR REMARK|AT LEAST YOUR REMARK IS NOT TRUE.  
DEV-MUC3-1238|FOR MANY OTHER COUNTRIES|FOR MANY OTHER COUNTRIES HAS BEEN AN EASY WAY OUT AND AN ALTERNATIVE
DEV-MUC3-1238|IN OTHER WORDS|IN OTHER WORDS IS NOT TRUE.  
DEV-MUC3-1239|THAT THE MURDER|THAT THE MURDER WAS PLANNED.  
DEV-MUC3-1239|WHETHER SOMEONE|WHETHER SOMEONE IS INTERROGATED BY A JUDGE
DEV-MUC3-1240|THAT WHAT|THAT WHAT IS TRUE OR UNTRUE
DEV-MUC3-1243|ON THE CONTRARY|ON THE CONTRARY IS TO MAKE PEACEFUL DEMOCRATIC REVOLUTION VIABLE.  
DEV-MUC3-1247|SINCE INFLATION|SINCE INFLATION CAN BE A TIME BOMB
DEV-MUC3-1250|AT THAT TIME|AT THAT TIME WAS THE MOST ADVANCED IN THE THIRD WORLD TO BE HINDERED.  
DEV-MUC3-1250|OF WHICH CANNOT|OF WHICH CANNOT CANNOT BE REGULATED.  
DEV-MUC3-1259|THAT THE CLARIFICATION|THAT THE CLARIFICATION IS ESSENTIAL FOR THE CREDIBILITY OF VIRGILIO BARCO
DEV-MUC3-1261|BECAUSE OPEN FIGHTING|BECAUSE OPEN FIGHTING IS ONE THING AND
DEV-MUC3-1262|AS YOUNG OFFICERS|AS YOUNG OFFICERS IS EASY TO DO
DEV-MUC3-1262|THAT IT|THAT IT IS ANONYMOUS CASTS
DEV-MUC3-1262|THAT IT|THAT IT IS ONE OF THE MOST RIDICULOUS FMLN COMMUNIQUES I HAVE SEEN TO DATE
DEV-MUC3-1262|THAT THE JUDGE|THAT THE JUDGE IS DUTY BOUND TO CONTINUE WITH THE JUDICIAL PROCEDURES STIPULATED BY SALVADORAN LAW
DEV-MUC3-1263|IF THAT SOMEONE|IF THAT SOMEONE IS REALLY INTERESTED IN THE PROGRESS OF JUSTICE IN THIS COUNTRY
DEV-MUC3-1263|THAT IT|THAT IT IS ONE OF THE MOST RIDICULOUS FMLN COMMUNIQUES I HAVE SEEN TO DATE
DEV-MUC3-1263|THAT THE PARTICIPATION|THAT THE PARTICIPATION BEEN EXPLAINED IN THE PAST
DEV-MUC3-1264|IN THE LONG RUN|IN THE LONG RUN IS POSSIBLE BECAUSE THEY HAVE A STRONG MORAL SUPPORT
DEV-MUC3-1266|THAT THE LETTERS|THAT THE LETTERS WERE PART OF A STRATEGY IMPLEMENTED BY FORMER CAPTAIN FRANCISCO SANDOVAL ALONG WITH OTHER MEMBERS OF THE SALVADORAN SUBVERSION
DEV-MUC3-1267|IN OUR OPINION|IN OUR OPINION SHOULD BE CONTINUOUS.  
DEV-MUC3-1267|THAT ITS ACTIONS|THAT ITS ACTIONS HAVE BEEN STRICTLY PROPAGANDA-ORIENTED OR WITH PROPAGANDA OBJECTIVES.  
DEV-MUC3-1267|THAT IT|THAT IT WOULD BE THE FIRST PART OF MAY.  
DEV-MUC3-1277|THAT AID|THAT AID WILL BE CUT.     
DEV-MUC3-1277|THAT THE 60 MINUTES PROGRAM|THAT THE 60 MINUTES PROGRAM WAS INFLUENTIAL IN THE DECISION TO ASK THE THE U.S. HOUSE OF REPRESENTATIVES TO CUT THE AID
DEV-MUC3-1280|AFTER THE SUBJECT|AFTER THE SUBJECT HAS BEEN GRANTED ASYLUM
DEV-MUC3-1286|TO PERSONS WHO|TO PERSONS WHO WERE NEARBY AT THAT TIME
DEV-MUC3-1289|THAT THE CULT|THAT THE CULT IS ALSO OVER
DEV-MUC3-1289|THAT THE TIME|THAT THE TIME IS PASSED AND THAT THE CULT OF PERSONALITY IS ALSO OVER
DEV-MUC3-1289|THAT THIS PHRASE|THAT THIS PHRASE IS AN ATTACK AGAINST THE MORE MILITARIST SECTOR OF THE SHINING PATH AND AGAINST GUZMAN
DEV-MUC3-1295|THAT A TOTAL|THAT A TOTAL WERE SEIZED IN DIFFERENT OPERATIONS
